id_insumo;descripcion;stock;stock_max;stock_min;id_categoria_insumo
1103246;TC15: 035081755835 CORREA DENTADA 1120 - 8 M 20;3605;43004;36;13
1104856;AX6: 149 656 095 SENSOR HALL;9296;173204;235;15
1105618;F40: 200349 Correa dentada 720 HTD 8M 40;8099;131687;49;13
1145172;NEUMATICA: VALVULA REGULADORA DE CAUDAL - GRLA 1/8 - QS6 - MFD;1067;86204;108;12
1163638;ADHESIVO: CIANOCRILATO CIANO CM-2;9763;315453;320;26
1187852;SOHLER: 505.704 SENSOR MAGNETI;3949;89823;408;15
1200010;AGUJA: VO 78.66 G01;4773;261418;298;1
1200011;AGUJA: VO 91,50 G0016;368;8142;215;1
1200012;AGUJA: VO 78.66 G02;8825;252321;3;1
1200017;AGUJA: VO 140,50 S0036 SAMSUNG;3874;283936;56;1
1200038;AGUJA: VO 140,50 G0036;902;356889;348;1
1200045;AGUJA: WO 146,75 G0018;7428;352898;473;1
1200046;AGUJA: VO 140,50 G0037;6861;301800;1;1
1200047;AGUJA: VO 140,50 S0038 SAMSUNG;9191;288789;11;1
1200048;AGUJA: VO 140,50 S0039 SAMSUNG;3360;52028;225;1
1200049;Aguja VOTA 62.50 N007;4708;101705;182;1
1200050;AGUJA: VOTA 65,52 N001 NEETEX;3132;377740;253;1
1200051;AGUJA: WO 146,52 N0013 NEETEX;5458;383640;290;1
1200052;AGUJA: WO 146,52 N0014 NEETEX;2155;34575;481;1
1200053;AGUJA: WO 146,75 G0019;7320;132038;70;1
1200055;PLATINA: SNK 41. 20- G25 - GROZ BECKERT;4332;386565;81;2
1200056;AGUJA: WO 146,52 N0015 NEETEX;111;349533;416;1
1200057;PLATINA: SNK 41 .25- G 3 - GROZ BECKERT;4320;163218;136;2
1200059;AGUJA: WO 146,52 N0016 NEETEX;9555;448426;390;1
1200060;AGUJA: VOTA 105,55 N005 NEETEX;7113;216376;113;1
1200061;AGUJA: WO 146,75 G0020;6188;412079;78;1
1200062;AGUJA: VO 139,52 G014;789;55584;497;1
1200063;AGUJA: VO 105,55 N0010 NEETEX;4984;370988;217;1
1200064;AGUJA: VO 105,55 N0011 NEETEX;4034;95327;60;1
1200065;AGUJA: VO 105,55 N0012 NEETEX;499;61952;262;1
1200066;AGUJA: VO 65,52 N001 NEETEX;249;285706;18;1
1200070;PLATINA: 206.000.320;2701;344154;203;2
1200072;AGUJA: VO 90,41 S0016 PRIM - SAMSUNG;32;181596;432;1
1200073;AGUJA: WO 146,52 S11 SAMSUNG;232;300762;250;1
1200074;AGUJA: WO 146,52 S12 SAMSUNG;3210;344806;324;1
1200075;AGUJA: VOTA 62,50 S007 SAMSUNG;7463;84170;277;1
1200077;AGUJA: VO 91,50 S007 SAMSUNG;2978;137934;399;1
1200078;AGUJA: WO 146,52 S09 SAMSUNG;91;250809;351;1
1200079;AGUJA: WO 146,52 S10 SAMSUNG;4517;231215;149;1
1200087;VANGUARD: 806670-720 - Correa de transmisión de la polea;1703;47135;51;13
1200088;VANGUARD: 806920-1792 - Correa del motor;9519;435285;238;13
1200100;AGUJA: VO 140,50 G0038;508;415638;251;1
1200120;AGUJA: VO 90.50 G0017;7214;239488;35;1
1200130;AGUJA: VO 71.70 G081 (GUM);468;437874;283;1
1200135;AGUJA: VO 139,52 G015;6254;348922;140;1
1200144;AGUJA: VO 71.70 G083 (GUM);974;94552;366;1
1200175;AGUJA: WO-LS 146.52 G10;1490;475993;407;1
1200178;AGUJA: WO 146,52 G0010;2146;379629;349;1
1200194;AGUJA: VO 140,50 G0039;9484;70809;439;1
1200203;VANGUARD: 806670-1600 - Correa del tira tela MQ 132;2368;434328;141;13
1200211;MEMMINGER: ZEBRA CORREA;2216;361631;190;13
1200217;MEMMINGER: INTEOS KIT SENSOR MEDIDOR DE CONSUMO;1612;466192;468;15
1200218;MEMMINGER: INTEOS SENSOR DE RPM;1972;477828;469;15
1200236;PLATINA: 206.001.682K 00 KERN-LIEBERS;2961;483285;448;2
1200237;PLATINA: 206.001.970K 00 KERN-LIEBERS;4276;37604;278;2
1200238;PLATINA: 206.000.341G 00 H.3,00 KERN-LIEBERS;9582;127022;102;2
1200242;AGUJA: WO 89. 52 G 001;6199;495152;206;1
1200243;AGUJA: VO 160. 48 G 005;3954;72775;132;1
1200244;AGUJA: VO 160. 48 G 006;3531;191928;335;1
1200246;AGUJA: VO 160. 48 G 008;1463;308589;447;1
1200259;AGUJA: WO 146,52 G0012;3518;414716;322;1
1200292;PLATINA: 206.101 230G 00 KERN-LIEBERS;7037;122241;395;2
1200298;PLATINA: 206.001 681K 00 KERN-LIEBERS;1700;31910;372;2
1200300;PLATINA: SNK 51. 40- G 1 - GROZ-BECKERT;6965;103091;64;2
1200301;PLATINA: 206.001 683K 00 KERN-LIEBERS;819;234362;129;2
1200302;AGUJA: VO 139.52 G0026;3965;392927;371;1
1200303;PLATINA: 200.1006.0020;1462;447644;134;2
1200304;AGUJA: VO 139.52 G0025;8175;171091;285;1
1200305;PLATINA: 206.001 632K 00 KERN.LIEBERS;9961;27526;233;2
1200306;AGUJA: VO 139,52 N0027 NEETEX;5151;486321;228;1
1200308;AGUJA: LS+ 90,36 G042;1041;409555;367;1
1200348;AGUJA: VO 139,52 G016;6462;468635;345;1
1200356;AGUJA: VO 139,52 G013;631;446297;30;1
1200387;AGUJA: LS+ 90,36 G005;2615;164582;397;1
1200400;AGUJA: VO 141,52 G005;4429;31794;106;1
1200404;AGUJA: 141.52G006;2173;429888;438;1
1200407;AGUJA: 141.52G007;9356;107223;320;1
1200412;AGUJA: VO 141,52 G008;5042;334313;102;1
1200418;AGUJA: VO 84.48 G0032;1187;32887;441;1
1200429;AGUJA: VO 75,45 G005;8273;107636;332;1
1200430;AGUJA: VO 65,48 G0013;7894;72248;313;1
1200431;AGUJA: VOTA 65,48 G006;8803;11811;110;1
1200432;AGUJA: VOTA 105,48 G005;6784;359136;146;1
1200435;AGUJA: VO 105,48 G0013;6695;143723;170;1
1200444;AGUJA: VO 90.50 G0015;2952;48451;372;1
1200471;MAYER: SENSOR INDUCTIVO (PNP NORMAL CERRADO), IME08-04NPSZW2S (COD 1040892);155;129303;320;15
1200472;MAYER: SENSOR INDUCTIVO (PNP NORMAL ABIERTO), Ø12MM, SN=4MM;3696;183895;119;15
1200473;MAYER: SENSOR INDUCTIVO (PNP NORMAL CERRADO), Ø12 MM, SN=4MM (COD 1040770);7809;226820;369;15
1200477;MAYER: SENSOR INDUCTIVO (NPN NORMAL ABIERTO) Ø 8 MM, SN= 4MM (1086323);1885;224578;349;15
1200478;MAYER: SENSOR INDUCTIVO (NPN NORMAL ABIERTO) Ø 12 MM, SN=4MM (1086324);5848;353207;173;15
1200500;PLATINA: SNK 49.50-25 G6 - GROZ-BECKERT;661;362608;293;2
1200501;AGUJA: LS+ 110,41 G0057;7084;441842;22;1
1200502;AGUJA: LS+ 110,41 G0058;5208;74235;429;1
1200503;PLATINA: SNK 55. 50 -17 G10 - GROZ BECKERT;4808;57079;257;2
1200504;PLATINA: SNK 52. 20 G6 - GROZ BECKERT;1152;35525;411;2
1200506;PLATINA: SNK 55. 38 - 17 G4 - GROZ BECKERT;6946;75157;479;2
1200516;PLATINA: SNK 53. 25 - G 4 - GROZ-BECKERT;6532;80320;420;2
1200542;AGUJA: WO 146,52 G00 9;3766;328966;2;1
1200543;PLATINA: SNK 55. 70 - 26 G1 - GROZ-BECKERT;4717;479388;464;2
1200544;PLATINA: SNK 52. 20 G4 - GROZ-BECKERT;1872;112303;355;2
1200666;AGUJA: WO III 173,50 G001;9875;82933;0;1
1200738;MAYER: 348737.0 POLEA VARIABLE;5276;381922;169;9
1200751;MAYER: J-LY-111-02GY PATYN DE POLEA ALTERNATIVA;5643;199825;500;9
1200774;MAYER: 295106.0 PIÑON DE CADENA 14 DIENTES MC/68277;1817;180366;233;14
1200808;MEMMINGER: 042-100-007-01 SENSOR DE REVOLUCIONES CON CABLE MLT WESCO;2248;364878;353;15
1200815;PLATINA: SNK-OL 52. 25- G 3 - GROZ-BECKERT;8341;24876;81;2
1200816;PLATINA: SNK 53. 25 - G 3 - GROZ -BECKERT;4227;221524;34;2
1200821;PLATINA: SNK 59. 40- 30 G 3 - GROZ-BECKERT;2646;283056;53;2
1200826;MAYER: 389395.0 FILTRO SENSO BLUE RS;5079;371977;51;15
1200948;PLATINA: 206.001.200 G00;8192;409196;493;2
1200965;AGUJA: WO 146,75 G0017;4177;286494;56;1
1200992;AGUJA: VO 140,41 G0040;8919;14985;96;1
1201006;ORIZIO: TABLERO PRINCIPAL C/ TRANSFO Y CONTACTOR JSV4;2003;484607;464;20
1201009;ORIZIO: SENSOR NPN;6207;350194;448;15
1201051;PLATINA: 206.090.100 B (X);3295;16952;473;2
1201069;AGUJA: VO 140,41 G0041;7217;262822;458;1
1201070;PLATINA: SNK 49. 40-18 G 3- GROZ.BECKERT;7483;204742;383;2
1201123;AGUJA: VO 140,41 G0042;3507;5387;259;1
1201350;correa 10x5x1015;2350;343954;29;13
1201406;MAYER: 055970.0 CORREA DENTADA 10600 MM;9631;418771;29;13
1201727;AGUJA: VO 140,41 G0043;474;153078;26;1
1201840;AGUJA: VO 139.52 G0021;6058;383318;152;1
1201891;AGUJA: WO III 173,50 G003;1572;349278;392;1
1202278;MAYER: ENGRANAJE RODILLO T.TE;5052;361781;49;8
1202286;AGUJA: WO 146,52 G0013;6934;222140;43;1
1202294;AGUJA: VO 139.52 G027;6233;370258;47;1
1202588;AGUJA: VOSA 79,85 G02;7446;319081;329;1
1202812;AGUJA: VO 140,36 G009;8931;407488;343;1
1202942;AGUJA;5389;280403;183;1
1203010;AGUJA: WO III 173,50 G004;4381;365730;489;1
1203011;AGUJA: LS+ 90,41 G001;4945;347902;248;1
1203017;AGUJA: VO 90.50 S0020 PRIM - SAMSUNG;5969;59233;145;1
1203018;MATSUYA: POLEA DENTADA Z 20 X 35MM - 8M;1260;20608;368;9
1203029;AGUJA: WO III 173,50 G002;4495;414377;271;1
1203036;PLATINA: SNK 55. 50- 17 G 6- GROZ-BECKERT;4747;328129;377;2
1203038;PLATINA: 56.40-30G5;3853;117491;178;2
1203049;PLATINA: 000946-42RD4;7205;138256;19;2
1203070;"MATSUYA: DTE4043-L ROLL IN SENSON WITH WIRE 68""";9324;129484;261;15
1203137;PLATINA: SNK 53. 25- G 2 - GROZ-BECKERT;4316;397009;272;2
1203142;AGUJA: VO 81,50 G010;6988;378626;77;1
1203143;Aguja VO 91.50 N009;7752;135159;478;1
1203215;PLATINA: 206.107.000;8232;496878;288;2
1203293;MATSUYA: EE9540A STITCH SENSOR;284;465775;483;15
1203295;MATSUYA: NTE7206 CAM SENSOR;5698;413038;41;15
1203452;AGUJA: VO 139.52 G0022;1421;497839;468;1
1203460;AGUJA: VOTA 83,55 G01;8760;251572;465;1
1203479;AGUJA: VOTA 61,50 G05;1690;385722;442;1
1203495;AGUJA: VOTA 65,52 G01;6805;329810;197;1
1203509;AGUJA: WO 101,41 G003;2683;309434;1;1
1203525;AGUJA: WO 146,52 G0011;4703;292715;441;1
1203580;PLATINA: 206.101.140 G;4519;55552;433;2
1203584;AGUJA: VOTA 62.50 G0011;2927;147287;7;1
1203592;AGUJA: VO 65,52 G001;9477;324668;246;1
1203606;AGUJA: VO 83,55 G001;7881;334706;71;1
1203607;AGUJA: VO 84.41 G0025;6668;95123;392;1
1203608;PLATINA: SNK 49. 38- 21 G2 GROZ-BECKERT;9954;487903;122;2
1204137;PLATINA: SNK 55. 50- 17 G7 - GROZ-BECKERT;6766;138750;63;2
1204138;PLATINA: SNK 55. 44 . 17 G5 - GROZ-BRCKERT;4815;146331;247;2
1204139;PLATINA: SNK 43. 25- G 5 - GROZ.BECKERT;7057;398976;402;2
1204300;AGUJA: VO 90.50 G0022;1421;444777;278;1
1204560;AGUJA: VO 84.48 G0030;3044;167953;187;1
1204785;AGUJA: VO 140,36 G011;8264;9534;99;1
1204823;AGUJA: WO 146,52 G0014;306;28793;49;1
1204831;AGUJA: VO 140,36 G012;7463;132446;118;1
1204904;AGUJA: VO 90,41 G0019;5622;205589;47;1
1204912;AGUJA: VO 90.50 G0021;4883;365419;408;1
1204998;PLATINA: 206.000.851;7514;235836;440;2
1205021;PLATINA: 206.087.204 G00;1311;470775;93;2
1205137;AGUJA WO 146.52 G0015;6480;445151;53;1
1205145;AGUJA: WO 146,52 G0016;2502;182227;214;1
1205778;PLATINA: 206.000.234;9439;28008;307;2
1206400;AGUJA 90.36 G005;8985;497439;464;1
1206494;AGUJA: VO 90,41 G0015;1361;139115;26;1
1206674;PLATINA: 206.101.270 G00;6778;221197;391;2
1207114;AGUJA: VO 105,55 G0018;5876;139858;238;1
1207130;AGUJA: VOTA 105,55 G005;6118;401367;101;1
1207377;AGUJA: VO 62,50 G005;9976;467699;489;1
1207385;AGUJA: VO 91,50 G009;6698;94170;130;1
1207393;AGUJA: VO 91,50 G007;4713;160989;340;1
1207401;AGUJA: VOTA 62,50 G007;5352;129454;488;1
1207489;AGUJA: WO 85,52 G003;958;85827;46;1
1207497;PLATINA: 206.000.031G (K);915;178608;467;2
1207549;PLATINA: 206.059.000 G (N);8741;334828;221;2
1207565;PLATINA: 206.044.000 G (P);3969;469147;135;2
1207709;PLATINA: 35.38.12-1;6443;197478;170;2
1207741;AGUJA: VO 123,52 G002;478;222686;42;1
1207914;AGUJA: VO 140,32 G001;2312;258335;122;1
1207915;AGUJA: VO 105,55 G0017;6989;163596;132;1
1207930;AGUJA: VO 140,32 G002;9758;474205;368;1
1207963;AGUJA: VO 140,32 G004;2395;37149;87;1
1207990;AGUJA: VO 90.50 G0013;5946;7212;271;1
1207999;AGUJA: VO 140,32 G003 275692;5343;60101;57;1
1208012;PLATINA: SNK 43. 25- G 6 - GROZ-BECKERT;2302;130691;213;2
1208479;AGUJA: WO 101,50 G001;2638;217734;387;1
1208487;AGUJA: VO 90,50 G006;3333;132476;139;1
1208554;AGUJA: WO 96,100 G02;2112;263949;198;1
1208562;AGUJA: WO 96,100 G01;250;191704;320;1
1208589;AGUJA: WO 186,75 G004;2690;449342;493;1
1208884;MAYER: 186888.0 FUSIBLE;3885;322668;130;19
1209045;AGUJA: VO 105,55 G0019;405;404705;18;1
1210214;Aguja WO 186.50 G001;6876;388904;14;1
1210222;AGUJA: AGUJA: WO 186,50 G002;9565;344413;109;1
1210230;AGUJA: AGUJA: WO 186,50 G003;3012;379896;142;1
1210249;AGUJA: WO 186,50 G004;5266;291178;284;1
1210833;MEMMINGER: 001-100-155-01 MPF SOPORTE DE SENSOR C/PLATILLO DE FRENO;546;31160;83;15
1211358;VANGUARD: 1806282-85 - Correa del tira tela;2560;221611;495;13
1211754;PLATINA: 206.092.000 G;6369;365472;11;2
1211932;AGUJA: WO III 173,41 G003;5856;353423;221;1
1211933;AGUJA: WO III 173,41 G004;8363;496858;37;1
1211934;AGUJA: WO III 173,41 G002;5325;491923;459;1
1211935;AGUJA: WO III 173,41 G001;1293;385480;84;1
1212177;PROTTI: 18682 SENSOR INDUC.8MM;5415;339165;18;15
1212909;PROTTI: CORREA MOTOR PASO-PASO;464;298187;112;13
1212918;PROTTI: SENSOR IS 38;9476;146757;270;15
1212919;PROTTI: 25987 SENSOR;7686;472967;31;15
1213021;AGUJA: VO 139.52 G0023;2622;293582;235;1
1213048;AGUJA: VO 139.52 G0024;8873;492453;316;1
1213056;AGUJA: WO 137,50 G009;6609;84333;215;1
1300474;MAYER: SENSOR INDUCTIVO (NPN NORMAL ABIERTO) Ø12 MM, SN=4MM (COD 1040774);2390;433031;98;15
1306286;AGUJA: RECTA P/OVERLOCK TINT;9883;28182;259;1
1900005;RODAMIENTO: 608 2RS C3;1213;48424;418;5
1900010;RODAMIENTO: 6208 ZZ C3;4430;215307;419;5
1900014;RODAMIENTO: HF 0812;154;274830;235;5
1900021;RODAMIENTO: 625 2RS1;5299;162289;37;5
1900031;RODAMIENTO: R10 2RS C3;76;195424;393;5
1900073;RODAMIENTO CON SOPORTE: ASPFL 204;9048;333205;394;5
1900091;RODAMIENTO: 6301 2Z;9816;145469;84;5
1900320;RODAMIENTO: 2309 2RS1;1185;48262;117;5
1900353;RODAMIENTO: CSK 30 - P - C5;4842;272195;118;5
1900412;RODAMIENTO: 6001 2RS;8548;495220;214;5
1900447;RODAMIENTO: 6004 2RS;2320;365401;209;5
1900501;Rodamiento 6008;6026;139163;221;5
1900522;RODAMIENTO: 2209 ETN9;7974;438266;351;5
1900536;RODAMIENTO: 6010 2RS;8383;407627;33;5
1900561;RODAMIENTO: 6200 2RS C3;8140;178211;481;5
1900579;RODAMIENTO: 6201 2RS;7659;90956;202;5
1900580;RODAMIENTO: 6201 ZZ C3;2851;362093;375;5
1900587;RODAMIENTO: 6202 2RS.........;4680;289570;420;5
1900595;RODAMIENTO: 6203 2RS1;1428;231568;72;5
1900625;RODAMIENTO: 6206 2RS;4395;96242;351;5
1900626;RODAMIENTO: 6304 ZZ;4288;276878;278;5
1900641;RODAMIENTO: 6208 2RS;9130;86010;65;5
1900676;RODAMIENTO: 6209 2RS C3;9591;418893;106;5
1900750;RODAMIENTO: 6302 2RS C3;4056;462119;392;5
1900811;RODAMIENTO: 6308 2RS1;7494;462056;330;5
1900838;RODAMIENTO: 6308 NR;1485;18093;117;5
1900910;RODAMIENTO: 6303 ZZ;7458;235439;282;5
1901053;RODAMIENTO: 6204 LLUNR/2AS-204PPG;4509;20026;344;5
1901168;RODAMIENTO: CRAPODINA 51104;3550;165670;379;5
1901338;RODAMIENTO: HK 25/20;3606;335093;297;5
1901796;RODAMIENTO: 6002 2Z/C3;7465;396676;452;5
1901797;Rodamiento 6002 2RS;2233;205244;362;5
1901925;RODAMIENTO: 626 2Z;7023;209194;267;5
1901935;RODAMIENTO: 695 ZZ;4581;492425;166;5
1902040;RODAMIENTO: HK 16/12;8312;182650;286;5
1902151;RODAMIENTO: CSK 25 X 52 X 15 M-C3;5002;78771;491;5
1902401;rodamiento CSK20PP;5605;482313;110;5
1902830;RODAMIENTO: 607 2RS1;8069;153018;215;5
1902939;RODAMIENTO: 6301 2RS C3;7151;188007;499;5
1902940;RODAMIENTO: 6301 2RS;7656;252852;85;5
1902970;RODAMIENTO: HFL 1826 TORRINGTO;7453;188876;482;5
1903152;RODAMIENTO: CSK 20-M-2RS-C5;8722;421790;309;5
1903403;RODAMIENTO: 6206 ZZ;3604;163526;152;5
1903535;RODAMIENTO: HF 2520;9707;379094;297;5
1903808;RODAMIENTO: 696 2RS1;9346;416254;170;5
1903809;RODAMIENTO: 696 ZZ C3;2322;467250;345;5
1903823;RODAMIENTO: 6204 LLUNR/2AS;2653;316852;186;5
1903824;RODAMIENTO: 6204 ZZ;7361;13755;376;5
1903828;RODAMIENTO: 6304 2RS1 C3;9510;330761;160;5
1904268;RODAMIENTO: NK 29-20;6826;457584;243;5
1904319;RODAMIENTO: 6000 2Z;9081;299400;123;5
1904328;RODAMIENTO: 6000 2RS C3;6016;456341;490;5
1904825;RODAMIENTO: 6306 2RS1/C3;4284;97851;418;5
1905005;RODAMIENTO: 6308 2Z C3;9512;18076;104;5
1905182;RODAMIENTO: 6208 2RS C3;9330;118514;374;5
1905190;RODAMIENTO: 6308 2RS C3;6271;220849;343;5
1905561;RODAMIENTO: 6004 2Z;6853;183260;85;5
1905749;RODAMIENTO: 6205 ZZ C3;3388;481917;40;5
1905812;RODAMIENTO: 6208 ZZ;9174;404599;335;5
1905918;RODAMIENTO: 626 2RS1 C3;5883;466511;203;5
1906061;RODAMIENTO: 6003 ZZ C3;6029;7836;59;5
1906173;RODAMIENTO: 608 2Z C3;2448;122441;359;5
1906444;RODAMIENTO: 6005 2RS C3;3770;347419;260;5
1906452;RODAMIENTO: 6206 2RS C3;6836;16394;159;5
1906587;RODAMIENTO: 6202 ZZ C3;1890;206234;358;5
1906656;RODAMIENTO: 6004 2RS C3;5150;310056;473;5
1906672;RODAMIENTO: 6006 2RS C3;449;448701;164;5
1906680;RODAMIENTO: 6009 2RS C3;8889;220234;93;5
1906699;RODAMIENTO: 6201 2RS1 C3;3876;31514;444;5
1906707;RODAMIENTO: 6202 2RS C3;3543;489164;432;5
1906715;RODAMIENTO: 6203 2RS C3;4266;372438;458;5
1906723;RODAMIENTO: 6204 2RS C3;9874;427359;156;5
1906731;RODAMIENTO: 6205 2RS1 C3;3834;69464;415;5
1906902;RODAMIENTO: 6001 ZZ;1440;188655;120;5
1906903;RODAMIENTO: 6203 ZZ;7647;310558;364;5
1906927;RODAMIENTO: 6004 2Z C3;4217;86382;305;5
1906931;RODAMIENTO: 6004 ZZ C3;8775;268371;42;5
1909204;RODAMIENTO: 60/22;3293;301846;422;5
2000862;CONTACTOR: 24VAC, 5.5KW, S00 3RT20 17-1AB01;6649;264817;461;20
2000997;FUSIBLE: NH TAM.00 63A;2046;421110;377;19
2001118;CAMBRE: TOMA 220V 10A C/PT GRIS;3437;222709;436;22
2001133;FUSIBLE VIDRIO: 5 X 20 MM 4.00 A;7440;242704;129;19
2001222;FUSIBLE VIDRIO: 5 X 20 MM 5 A;5979;355040;211;19
2001322;FUSIBLE VIDRIO: 5 X 20 MM 2.00 A;3368;85737;433;19
2001349;FUSIBLE VIDRIO: 5 X 20 MM 6.00 A;8896;157450;23;19
2001357;FUSIBLE VIDRIO: 5 X 20 MM 8.00 A;3423;386273;368;19
2001497;INTERRUPTOR TERMOMAGNETICO: 2 X 16A P60;6778;382689;135;21
2001499;CONTACTOR: 11,00KW 25A / 400V 50HZ S0 BOB. 21-28 VAC/DC 1N0 1NC - 3RT2026-1NB30;2176;415230;449;20
2001500;INTERRUPTOR TERMOMAGNETICO: 2 X 25A C60C;7860;381221;499;21
2001534;BORNE: PORTA FUSIBLE SECCIONADOR UNIVERSAL BKNP 520;6657;266303;213;19
2002400;INTERRUPTOR TERMOMAGNETICO: 4 X 40A C60D;5262;201077;317;21
2002497;CAMBRE: BASTIDOR P/4 MODULO STANDAR - 6950;2542;251809;436;22
2003872;INTERRUPTOR TERMOMAGNETICO: 2 X 6A C60N C;4372;363544;185;21
2004001;CAMBRE: CAJA EXT. 2 MODULOS 4262;7429;272961;424;22
2004159;CONTACTOR: 24VAC, 4.0KW, S0 - 3RT10 23-1AB00;5309;372057;129;20
2005042;CAMBRE: BASTIDOR P/4MOD 6970;2892;122138;461;22
2005085;CAMBRE: INTERRUPTOR - PUNTO 6900;7540;222857;69;22
2005176;SENSOR: INDUC.NPN 8MM NA 10-30;4412;125159;381;15
2005180;MAYER: SENSOR INDUCTIVO (PNP NORMAL ABIERTO), Ø 12 MM, SN=4MM (EMPOTRABLE) (COD 1040766);170;427963;137;15
2005184;SENSOR: INDUCTIVO M12 NPN NO 4.0MM 3CAB;3829;397177;488;15
2005192;MAYER: SENSOR INDUCTIVO (PNP NORMAL ABIERTO) IME08-04NPSZW2S - Nª1040888;7758;331555;489;15
2005654;CAMBRE: TAPA 2 MODULOS 4132;3864;342074;200;22
2005743;CAMBRE: TAPA 1 MODULO TOMA CON PUESTA A TIERRA N.4135;1932;167818;304;22
2007030;FUSIBLE VIDRIO: 6 X 32 MM 4.00 A;2060;29726;207;19
2007967;INTERRUPTOR TERMOMAGNETICO: 1 X 2A C60;1811;315135;192;21
2010879;CAMBRE: ADAPTADOR P/RIEL 6990;9212;417581;98;22
2012165;FUSIBLE VIDRIO: 6 X 30 MM 1.00 A;4841;455024;207;19
2012167;FUSIBLE VIDRIO: 6 X 30 MM 4.00 A;7761;477022;289;19
2012180;FUSIBLE: CARTUCHO 10 X 38 MM - 8 AMP;9726;53021;406;19
2013363;CAMBRE: TOMA 220V 10A C/PT BLANCO 6904;8634;267149;256;22
2014289;PVC ELECTRICIDAD: CAJA 100 X 50 MM;1252;494856;462;22
2015000;PVC ELECTRICIDAD: TAPA PARA CAJA OCTOGONAL 80 MM;4643;368584;411;22
2015354;PVC ELECTRICIDAD: CAÑO Ø 20MM X 3M;9357;248343;313;22
2015397;PVC ELECTRICIDAD: CURVA Ø 20MM;1072;482637;424;22
2015413;PVC ELECTRICIDAD: GRAMPA PARA CAÑO Ø 20MM;1620;270696;48;22
2016729;INTERRUPTOR TERMOMAGNETICO: 2 X 10A C60N;6911;478517;262;21
2021116;CONTACTOR: 24VCC, 7.5KW,S0 3RT20 25-1NB30;191;189901;423;20
2025042;INTERRUPTOR TERMOMAGNETICO: 2 X 2A C60C;9025;463821;174;21
2025526;INTERRUPTOR TERMOMAGNETICO: 2 X 6A P60 - K 60;6833;342372;285;21
2027718;INTERRUPTOR TERMOMAGNETICO: 4 X 25A C60N;5681;458492;288;21
2028920;HERRAMIENTA: LINTERNA PERSONAL AA;568;423104;124;4
2028995;CAMBRE: TAPA 1 MODULO 1PUNTO+ TOMA TIERRA 4136;3485;357846;447;22
2030536;CONTACTOR: 24VAC, 5.5KW, S0 3RT10 25-1AB00;9585;12887;243;20
2030544;CONTACTOR: 24VAC, 7.5KW, S0 3RT10 25-1AB00;9525;253971;410;20
2030688;INTERRUPTOR DIFERENCIAL: 2 X 25A 30MA;2666;241600;115;21
2033671;INTERRUPTOR TERMOMAGNETICO: 2 X 10A P60 - K 60;5695;170158;138;21
2034644;HERRAMIENTA: CUTTER HOJA 9MM;1008;270726;452;4
2036844;CAMBRE: TAPA 4 MODULOS 4134;3320;95803;459;22
2100010;ADHESIVO: DE CONTACTO X 25 GRMS - POXIRAM;2378;65128;360;26
2100029;ADHESIVO: INSTANTANEO X 2 ML - LA GOTITA - PEGAMIL-;9896;434425;75;26
2100037;ADHESIVO: MASILLA EPOXI - POXILINA;9214;228406;182;26
2100045;ADHESIVO: DOS COMPONENTES - POXIPOL-PEGAMIL- ETC.;4639;172483;112;26
2100063;ADHESIVO: ADHESIVO VINICOLA (PARA MADERA);8432;306042;481;26
2100327;NEUMATICA: BOBINA MAGNETICA 24V 50/60 HZ 3,5 VA 12V DC 3,1 W CAMOZZI;4613;471918;237;12
2100436;ADHESIVO: DE CONTACTO X 450 GRMS - POXIRAM;7762;385212;125;26
2100461;NEUMATICA: ELECTROVALVULA MFH-3/2-1/4-NC - CAMOZZI 334-015-02;8934;37884;81;12
2100533;BULON: CILINDRICO ALLEN 5 X 30 MM;214;28369;166;25
2100547;NEUMATICA: CONECTOR RAPIDO T H-H-H PARA TUBO DE Ø 08 MM;3469;200833;403;12
2100584;BULON: CILINDRICO ALLEN 6 X 30 MM;3859;269985;421;25
2100599;NEUMATICA: CONECTOR RAPIDO RECTO H-H PARA TUBO Ø 08 MM - CAMOZZI: 6280-8 FESTO:QS8;9603;474172;126;12
2100615;NEUMATICA: REGULADOR GRLA 1/4 - 6 - CAMOZZI PSCU 606 1/4-6;6055;185113;324;12
2100622;BULON: CILINDRICO ALLEN 8 X 20 MM;1303;361984;285;25
2100623;NEUMATICA: REGULADOR GRLS 1/4 - 8 - CAMOZZI 606 PSCU 1/4-8;8783;3230;6;12
2100626;NEUMATICA: PISTOLA CON PICO LARGO DE 150MM PARA AIRE COMPRIMIDO;3312;214538;134;12
2100630;BULON: CILINDRICO ALLEN 8 X 30 MM;9746;357349;53;25
2100657;BULON: CILINDRICO ALLEN 8 X 50 MM;929;221288;78;25
2100681;BULON: CILINDRICO ALLEN 10 X 30 MM;6084;347227;338;25
2100734;NEUMATICA: CONECTOR RAPIDO RECTO M-M REDUCCION PARA TUBO Ø 16MM A 12MM;4602;162582;115;12
2100742;NEUMATICA: PISTOLA SOPLADOR DE AIRE LPS-1/4-D;6377;141682;174;12
2100756;NEUMATICA: VALVULA CIERRE HE2, PARA TUBO Ø 12 MM, HE-2-QS-12, FESTO;7542;204781;165;12
2100762;BULON: HEXAG M 5 X 20;166;213603;8;25
2100763;NEUMATICA: VALVULA CIERRE HE2, PARA TUBO Ø 10 MM, HE-2-QS-10, FESTO;3124;497199;269;12
2100764;NEUMATICA: CONECTOR RAPIDO RECTO M-M REDUCCION PARA TUBO Ø 12MM - 08 MM;646;423771;221;12
2100770;BULON: HEXAG M 5 X 30 MM;8567;457699;451;25
2100800;BULON: HEXAG M 5 X 50;4373;123839;240;25
2100814;NEUMATICA: CONECTOR RAPIDO Y M-H PARA TUBO DE Ø12 MM;255;466430;468;12
2100816;"NEUMATICA: CONECTOR RAPIDO ROSCADO RECTO H PARA TUBO Ø 04 MM - ROSCA 1/8""";5896;306507;484;12
2100835;BULON: HEXAGONAL M 6 X 40 MM;3425;402893;214;25
2100843;BULON: HEXAG M 6 X 50;1436;478632;5;25
2100850;NEUMATICA: BOBINA MSFW-24AC - CAMOZZI G73 SOLENOIDE;7211;72950;333;12
2100851;BULON: HEXAG M 8 X 10 MM;1820;83763;303;25
2100857;NEUMATICA: REGULADOR DE PRESION 0 - 4 BAR 1/4 (MC-1-04-R-1-0 / M004.R10);1908;154597;69;12
2100861;CAMOZZI: SENSOR MAGNETICO DE PROXIMIDAD Reed 50mA 2 Hilos CSB-D-220;2118;176371;491;15
2100866;NEUMATICA: TAPON ROSCADO 1/2 (2611 1/2);4485;188381;342;12
2100875;"NEUMATICA: DISTRIBUIDOR 4 VIAS X 1/2"" MODELO 3033 - 1/2 (CAMOZZI)";9056;298377;386;12
2100879;"NEUMATICA: CONECTOR RECTO ROSCADO PARA TUBO DE Ø08 - ROSCA 3/8"" METALICO (CAMOZZI)";4826;150169;331;12
2100882;"NEUMATICA: MANOMETRO 0 - 07 BAR 1/8"" (CAMOZZI)";8403;325984;145;12
2100894;BULON: CILINDRICO ALLEN 8 X 40 MM;4282;191792;468;25
2100916;BULON: HEXAG M10 X 70 MM;8736;188194;29;25
2100959;BULON: HEXAG M12 X 20 MM;5928;102717;111;25
2100975;BULON: HEXAG M12 X 40 MM;8081;93128;350;25
2101049;NEUMATICA: CONECTOR RAPIDO Y REDUC. H-H PARA TUBO Ø 08 A 06 MM;17;110322;113;12
2101065;NEUMATICA: CONECTOR RAPIDO RECTO H-H PARA TUBO Ø 06 MM - CAMOZZI:6580-6 FESTO:QS6;7459;137948;112;12
2101067;BULON: HEXAG M20 X 40 X 2.5 MM;8459;158205;204;25
2101073;NEUMATICA: CONECTOR RAPIDO RECTO H-H PARA TUBO Ø 04 MM;8010;144382;364;12
2101101;BULON: HEXAG M10 X 80 MM;3726;496023;286;25
2101141;BULON: CILINDRICO ALLEN 5 X 15 MM;7853;292021;179;25
2101145;BULON: ALLEN FREZ M 6 X 15 MM;3421;110180;387;25
2101165;BULON: CABEZA BOTON 6 X 10 MM;1554;45072;335;25
2101193;BULON: CILINDRICO ALLEN 4 X 12 MM;7009;288617;286;25
2101197;"BULON: ALLEN CILINDRICO 5/32"" X 1/2""";1916;440890;388;25
2101406;HERRAMIENTA: PINZA PUNTIAGUDA CURVA;9024;331248;263;4
2101472;HERRAMIENTA: PISTOLA PARA APLICAR SELLADORES X 300 CC;9971;444909;274;4
2101580;BULON: CABEZA BOTON ALLEN 6 X 10;4951;392066;338;25
2101595;NEUMATICA: CONECTOR RAPIDO ROSCADO RECTO H PARA TUBO Ø 08 MM - ROSCA 1/8;3269;340373;260;12
2101748;"NEUMATICA: CONECTOR RAPIDO ROSCADO CODO 90º H PARA TUBO Ø 10 MM - ROSCA 1/4""";3743;262077;260;12
2101922;NEUMATICA: FILTRO REGULADOR DE PRESION 3/8 (CAMOZZI MD1-FR0000-3/8);1576;157788;406;12
2101924;NEUMATICA: FILTRO REGLADOR 1/4 - CAMOZZI-MD1-FR0000A04-1/4;330;446401;175;12
2101927;NEUMATICA: CONECTOR RAPIDO Y H-H-H PARA TUBO DE Ø 10 MM - CAMOZZI-7560-10;6;29106;296;12
2101931;NEUMATICA: CONECTOR ROSCADO - ESPIGA 09-1/4 - COD: CAMOZZI 2601-9-1/4;4572;43004;448;12
2101935;NEUMATICA: REGULADOR GRLA 1/8 - 6 - CAMOZZI PSCU 604-1/8-6;9181;173204;160;12
2102003;"NEUMATICA: CONECTOR RAPIDO ROSCADO RECTO H PARA TUBO Ø 06 MM - ROSCA 1/8""";1930;86204;207;12
2102070;NEUMATICA: CONECTOR RAPIDO T H-H-H PARA TUBO DE Ø 06 MM;6665;315453;483;12
2102516;"NEUMATICA: CONECTOR RAPIDO ROSCADO RECTO H PARA TUBO Ø 06 MM - ROSCA H 1/4""";6440;172224;375;12
2102737;BULON: HEXAG M 8 X 100 MM;7585;252321;29;25
2103061;NEUMATICA: CONECTOR RAPIDO RECTO REDUC. H-H PARA TUBO Ø 12 A 10 MM;7065;344981;4;12
2103065;NEUMATICA: TUBO POLIURETANO AZUL Ø 6 X 1,0 MM;3473;468200;317;12
2103112;NEUMATICA: CONECTOR RAPIDO RECTO REDUC. H-H PARA TUBO Ø 10 A 08 MM;1454;64966;254;12
2103139;NEUMATICA: CONECTOR RAPIDO Y REDUC. H-H PARA TUBO Ø 10 A 08 MM;225;160538;34;12
2103195;NEUMATICA: VALVULA CIERRE HE3, PARA TUBO Ø 10 MM, HE-3-QS-10, FESTO 153477;1213;199800;44;12
2103203;NEUMATICA: VALVULA CIERRE HE3, PARA TUBO Ø 12 MM, HE-3-QS-12, FESTO 153478;2139;415077;149;12
2103262;NEUMATICA: TUBO POLIURETANO AZUL Ø 16 X 2,5 MM;7328;477902;237;12
2103273;CADENA A RODILLO: SIMPLE 08 B-1;6479;352898;309;14
2103417;NEUMATICA: CONECTOR RAPIDO RECTO REDUC. H-H PARA TUBO Ø 10 A 06 MM;6744;288789;0;12
2103439;NEUMATICA: CONECTOR RAPIDO RECTO M-M PARA TUBO Ø 06;6995;52028;252;12
2103471;NEUMATICA: CONECTOR RAPIDO RECTO M-M PARA TUBO Ø 16 MM;2676;101705;139;12
2103494;NEUMATICA: ENTRE ROSCA DE 1/4 (CAMOZZI);5468;377740;387;12
2103498;NEUMATICA: CONECTOR RAPIDO RECTO M-M REDUCCION PARA TUBO Ø 12MM A 10MM;2821;383640;3;12
2103557;BULON: ALLEN FREZ M 4 X 10 MM;4032;34575;392;25
2103826;ADHESIVO: SELLADOR DE SILICONA TRANSPARENTE X 100 GRMS - FASTIX;9477;349533;366;26
2104087;ADHESIVO: SILOC -FORMA JUNTAS 8600 X 30 G;4977;163218;263;26
2104113;TRABASIL: ENGRANAJES VA2 - 250 GRS;9795;216376;174;8
2104155;A.I. BULON HEXAGONAL M 03 X 15;8274;412079;217;25
2104413;NEUMATICA: ELECTROVALVULA MFH-3/2-1/8-NC - CAMOZZI 338-015-02;530;181596;128;12
2104426;"NEUMATICA: CONECTOR RAPIDO ROSCADO RECTO H PARA TUBO Ø 16 MM - ROSCA 1/2""";4577;344806;229;12
2104434;NEUMATICA: CONECTOR RAPIDO RECTO REDUC. H-H PARA TUBO Ø 06 A 04 MM;4858;84170;389;12
2104477;NEUMATICA: CONECTOR RAPIDO T REDUC. H-H PARA TUBO Ø 08 A 06 MM;3437;250809;37;12
2104482;ADHESIVO: SELLAROSCAS VERDE HIDRO 3;5456;231215;424;26
2104696;HERRAMIENTA: CINTA METRICA 2 M;9600;100716;369;4
2104778;BULON: HEXAG M 8 X 80 MM;586;230481;230;25
2104809;NEUMATICA: CONECTOR PASAMURO PARA TUBO DE Ø 08 MM - CAMOZZI:6590-8 FESTO:QSS-08;8802;16612;49;12
2105009;HERRAMIENTA: MORSA PLANA GIRATORIA N.2;1293;348922;373;4
2105152;ADHESIVO: SELLADOR SILICONA ALTA TEMPERATURA. 100GR;1682;94552;365;26
2105456;HERRAMIENTA: PUNTA PHILIPS;2983;457089;340;4
2105464;"HERRAMIENTA: PUNTA ENCASTRE 1/4"" PH02";2985;102964;441;4
2105536;NEUMATICA: VALVULA DE ESTRANGULACION Y ANTIRRETORNO GRLA-M5-QS-4RS-D - FESTO 197577;8258;152618;17;12
2105594;A.I. BULON HEX M 08 X 65;6033;475993;41;25
2105722;BULON: FRES. ALLEN 6 X 40 MM;2422;205977;153;25
2105941;ADHESIVO: SELLADOR DE SILICONA ALTA TEMPERATURA X 300 GRMS - FASTIX;9492;5351;73;26
2106255;"NEUMATICA: ACOPLE - ENCHUFE RAPIDO HEMBRA CON ROSCA MACHO 1/2"" - CAM0ZZI 5081 1/2";6171;81766;141;12
2106258;"NEUMATICA: ENCHUFE RAPIDO RACOR 5180 1/4""";7250;87046;449;12
2106260;"NEUMATICA: ACOPLE - ENCHUFE RAPIDO HEMBRA CON ROSCA MACHO 1/4"" - CAMOZZI 5082 - 1/4";783;229001;316;12
2106295;"NEUMATICA: CONECTOR RAPIDO ROSCADO RECTO H PARA TUBO Ø 06 MM - ROSCA 3/8"" - FESTO QS-3/8-6, 190645";5804;6912;259;12
2106310;HERRAMIENTA: CINTA METRICA 3 MTS;201;434328;356;4
2106456;A.I. BULON HEXAGONAL M 14 X 50;9504;80826;493;25
2106892;BULON: CILINDRICO ALLEN 6 X 45 MM;4779;483285;106;25
2106906;BULON: HEXAG M12 X 100 MM;6972;37604;18;25
2107115;NEUMATICA: CONECTOR RAPIDO RECTO H-H PARA TUBO Ø 10 MM - CAMOZZI:6580-10 FESTO:QS10;371;191928;482;12
2107663;NEUMATICA: CONECTOR RAPIDO RECTO H-H PARA TUBO Ø 12 MM;8498;447644;93;12
2107706;NEUMATICA: CONECTOR RAPIDO L 90º H-H PARA TUBO Ø 8 MM;2269;171091;407;12
2107749;NEUMATICA: CONECTOR RAPIDO T H-H-H PARA TUBO DE Ø 10 MM;9561;27526;470;12
2107757;NEUMATICA: CONECTOR RAPIDO T H-H-H PARA TUBO DE Ø 16 MM;9336;486321;48;12
2107773;NEUMATICA: CONECTOR RAPIDO T REDUC. H-H PARA TUBO Ø 10 A 08 MM;2652;409555;199;12
2107781;NEUMATICA: CONECTOR RAPIDO T REDUC. H-H PARA TUBO Ø 12 A 10 MM;2596;410815;27;12
2107840;"NEUMATICA: CONECTOR RAPIDO ROSCADO RECTO H PARA TUBO Ø 10 MM - ROSCA 3/8""";97;63264;387;12
2107859;"NEUMATICA: CONECTOR RAPIDO ROSCADO CODO 90º H PARA TUBO Ø 12 MM - ROSCA 1/4""";7525;446297;298;12
2107867;NEUMATICA: VALVULA DE RETENCION - 4 MM - CAMOZZI 6580-4-VNR-S01;8896;164582;363;12
2107875;"NEUMATICA: CONECTOR RAPIDO ROSCADO CODO 90º H PARA TUBO Ø 12 MM - ROSCA 3/8"" - CAMOZZI - 12-3/8";8861;31794;318;12
2107883;"NEUMATICA: CONECTOR RAPIDO ROSCADO CODO 90º H PARA TUBO Ø 10 MM - ROSCA 1/2""";7926;386433;348;12
2107884;"NEUMATICA: CONECTOR RAPIDO ROSCADO CODO 90º H PARA TUBO Ø 10 MM - ROSCA 3/8""";1326;429888;43;12
2107891;"NEUMATICA: CONECTOR RAPIDO ROSCADO CODO 90º H PARA TUBO Ø 12 MM - ROSCA 1/2""";7004;107223;380;12
2107926;NEUMATICA: CONECTOR RAPIDO RECTO REDUC. H-H PARA TUBO Ø 08 A 06 MM - CAMOZZI:6580 6-8 FESTO: QS8-6;6197;334313;346;12
2107950;NEUMATICA: CONECTOR RAPIDO RECTO REDUC. M-H PARA TUBO Ø 10 A 08 MM - CAMOZZI:6800 8-10 FESTO: QS-10H-8;3737;32887;286;12
2107969;NEUMATICA: CONECTOR RAPIDO RECTO REDUC. M-H PARA TUBO Ø 10 A 06 MM;4;107636;370;12
2107977;NEUMATICA: CONECTOR RAPIDO RECTO REDUC. M-H PARA TUBO Ø 12 A 10 MM;9766;72248;257;12
2108001;NEUMATICA: CONECTOR PASAMURO PARA TUBO DE Ø 06 MM - CAMOZZI:6590-6 FESTO:QSS-06;5429;11811;350;12
2108087;NEUMATICA: CONECTOR RAPIDO RECTO REDUC. M-H PARA TUBO Ø 12 A 08 MM;8545;143723;351;12
2108678;NEUMATICA: ACOPLAMIENTO RAPIDO MACHO CLAVIJA-ESPIGA PARA MANGUERA Ø 8 MM - FESTO KS4-N-9 2153;8661;183895;12;12
2108803;CADENA A RODILLO: SIMPLE UNION ESLABON 05 B-1;4711;226820;208;14
2108805;CADENA A RODILLO: SIMPLE UNION ESLABON 06 B-1;9366;224578;441;14
2108831;CADENA A RODILLO: SIMPLE UNION ESLABON 08 B-1;4122;353207;474;14
2109042;"NEUMATICA: BUJE REDUCCION: 3/4""- 1/4""";109;362608;439;12
2109069;"NEUMATICA: BUJE REDUCCION: 1/2""- 1/4""";7947;441842;395;12
2109763;A.I. BULON HEXAGONAL M 14 X 40;8886;57079;233;25
2110326;F: CADENA N. 35;7593;321159;185;14
2110991;HERRAMIENTA: TIJERA SASTRE 9;2733;336759;136;4
2110992;"HERRAMIENTA: TIJERA TIPO SASTRE 12""";5365;263247;439;4
2110993;"HERRAMIENTA: TIJERA SASTRE 8""";5272;307163;343;4
2110994;"HERRAMIENTA: TIJERA TIPO SASTRE 10""";5084;70312;286;4
2111284;BULON: HEXAG M12 X 80 MM;9802;334546;161;25
2111479;NEUMATICA: TUBO POLIAMIDA 6, Ø 10 X 1.00 MM - COLOR NATURAL.;1941;1843;32;12
2111864;HERRAMIENTA: LINTERNA 1 LED RECARGABLE- RAYOVAC;8490;225940;207;4
2112516;BULON: FREZADO RANURADO 5 X 10 MM;7310;199825;269;25
2112779;A.I. BULON HEX M 08 X 70;9741;89576;63;25
2113856;BULON: HEXAG M 5 X 15MM;4080;119670;34;25
2114089;BULON: HEXAGONAL M 4 X 10 MM;9219;304814;485;25
2114119;"BULON: HEXAGONAL. 3/4"" X 2""-1/2";1498;67829;3;25
2114569;BULON: HEXAGONAL M 16 X 60 MM;2595;261791;25;25
2116923;BULON: HEXAG M 8 X 70;5353;24458;443;25
2118469;BULON: CILINDRICO ALLEN 8 X 110 MM;1218;167507;190;25
2118673;BULON: ALLEN FREZ M 6 X 25MM;9700;416169;89;25
2118675;BULON: ALLEN FREZ M 6 X 35MM;1010;230521;248;25
2118677;BULON: ALLEN FREZ M 6 X 50MM;303;99929;498;25
2118697;BULON: HEXAGONAL M 8 X 110 MM;4448;364878;465;25
2118698;BULON: HEXAG M10 X 15 MM;9774;226038;386;25
2118706;BULON: HEXAG M12 X 70 MM;3664;111030;221;25
2120119;BULON: HEXAG M 8 X 60 MM;138;40246;153;25
2120763;F: CADENA GALVANIZADA 3MM;7864;283056;326;14
2121089;NEUMATICA: REGULADOR DE CAUDAL GRA 1/8 (VALVULA ESTRANGULACION-ANTIRETORNO) CAMOZZI RFU 483-1/8;7396;97329;225;12
2121288;NEUMATICA: CONECTOR RAPIDO ROSCADO RECTO H PARA TUBO Ø 12 MM - ROSCA 1/2;7127;73532;372;12
2121304;"NEUMATICA: ACOPLAMIENTO RAPIDO HEMBRA ROSCA DE 1/2"" FESTO KD4-1/2-A 2145";9741;128929;437;12
2122634;NEUMATICA: TUBO POLIURETANO AZUL Ø 12 X 2,0 MM;9727;317122;348;12
2123363;A.I. BULON CIL. ALL M 06 X 20;5007;3495;384;25
2124637;BULON: CILINDRICO ALLEN 6 X 60 MM;58;491090;445;25
2124639;BULON: CILINDRICO ALLEN 6 X 80 MM;1576;62140;276;25
2124640;BULON: CILINDRICO ALLEN 8 X 15 MM;5315;409196;153;25
2125900;BULON: HEXAG M10 X 35 MM;3972;320195;463;25
2126486;BULON: ALLEN FREZ M 5 X 30MM;7367;484607;279;25
2128408;"NEUMATICA: CONECTOR RAPIDO ROSCADO RECTO H PARA TUBO Ø 08 MM - ROSCA 1/8""";2022;192481;336;12
2129884;HERRAMIENTA: MANDRIL 13MM;2372;243395;304;4
2131094;A.I. BULON HEXAGONAL M 10 X 60;7718;189621;150;25
2132794;HERRAMIENTA: MORZA AGUJEREADORA BANCO;6200;262822;116;4
2133057;"NEUMATICA: BUJE REDUCCION: 1/4""- 1/8""";1923;281024;376;12
2133328;"NEUMATICA: CONECTOR RAPIDO ROSCADO RECTO H PARA TUBO Ø 08 MM - ROSCA 1/4""";5300;55231;184;12
2134374;HERRAMIENTA: DEST PHIL 0 X 100;7091;343954;68;4
2135409;HERRAMIENTA: CINTA METRICA X 10M;3834;130391;298;4
2136906;HERRAMIENTA: ACEITERA 1/2 LT.;334;187167;462;4
2140359;A.I. BULON CIL. ALL M 06 X 15;4016;178138;347;25
2140670;"NEUMATICA: CONECTOR RAPIDO ROSCADO RECTO H PARA TUBO Ø 12 MM - ROSCA 1/4""";5241;175023;373;12
2140858;BULON: ALLEN FREZ M 5 X 10MM;3973;462483;415;25
2147878;BULON: CILINDRICO ALLEN 4 X 40 MM;7066;103504;366;25
2147894;BULON: HEX. 4 X 30;964;189754;452;25
2148664;HERRAMIENTA: MACHOS PARA ROSCAR JUEGO X 3U: M 5 X 0.80;2104;231313;303;4
2148951;HERRAMIENTA: DEST TORX JUEGO;9604;444223;322;4
2149099;"NEUMATICA: CONECTOR ROSCADO RECTO ROSCA 1/4"" - ESPIGA PARA MANGUERA Ø 8 MM - N-1/4-P-9 FESTO 3607";1533;19770;431;12
2150810;HERRAMIENTA: LLAVE ALLEN T 6,00 MM;4791;307070;237;4
2150871;HERRAMIENTA: LLAVE ALLEN 4.00 MM;8101;106102;378;4
2153002;GRASERA NEUMATICA CON CARRO: 25 KG.;7385;383318;138;12
2153246;ADHESIVO: SELLADOR DE SILICONA TRANSPARENTE X 300 GRMS. - FASTIX;8797;349278;146;26
2160594;BULON: CILINDRICO ALLEN 6 X 50 MM;9873;63287;33;25
2160941;BULON: CILINDRICO ALLEN 5 X 50 MM;7493;319081;66;25
2166830;HERRAMIENTA: DEST PHIL 5 X 125;7515;162442;478;4
2166832;HERRAMIENTA: DEST PLANO 5 X 125;7822;280403;123;4
2166874;HERRAMIENTA: LLAVE ALLEN JUEGO MILIMET;5998;365730;491;4
2168231;NEUMATICA: CONECTOR RAPIDO Y H-H-H PARA TUBO DE Ø 08MM;5540;64019;266;12
2169280;NEUMATICA: TUBO POLIURETANO AZUL Ø 4 X 0.75 MM;4036;145490;416;12
2169299;BULON: HEXAG M 6 X 15 MM;1813;66784;384;25
2170101;CADENA A RODILLO: SIMPLE 06 B-1;4981;174338;96;14
2170128;CADENA A RODILLO: SIMPLE 05 B-1;9727;59233;457;14
2170415;HERRAMIENTA: TENSIOMETRO PARA HILO ZF 2-12 SCHMIDT;9556;20608;480;4
2170458;BULON: CILINDRICO ALLEN 6 X 15 MM;1795;101927;398;25
2170459;BULON: CILINDRICO ALLEN 6 X 20 MM;6772;98805;97;25
2170466;BULON: CILINDRICO ALLEN 6 X 35 MM;3714;55145;62;25
2170769;HERRAMIENTA: DEST PLANO 3 X 100 MM;7862;289183;291;4
2173634;NEUMATICA: TUBO POLIURETANO AZUL Ø 8 X 1,25 MM;6911;117491;68;12
2174353;BULON: CILINDRICO ALLEN 10 X 70 MM;814;154511;113;25
2174462;BULON: HEXAG M 6 X 60;1035;81198;262;25
2174470;BULON: HEXAG M10 X 60 MM;1040;138256;141;25
2174489;BULON: HEXAG M12 X 60 MM;4487;129484;295;25
2174572;BULON: HEXAGONAL M 16 X 50 MM;7924;397009;170;25
2175900;ADHESIVO: EPOXI 10 MINUTOS ACERO LIQUIDO X 57 GRS.;5943;496878;329;26
2177797;BULON: CILINDRICO ALLEN 8 X 60 MM;9001;120839;392;25
2178530;"NEUMATICA: CONECTOR RAPIDO ROSCADO CODO 90º H PARA TUBO Ø 06MM - ROSCA 1/8""";6980;106217;245;12
2178962;"NEUMATICA: BUJE REDUCCION: 3/4"" - 1/2""";2863;283297;487;12
2180148;BULON FIJACION 12/150MM X 100MM;5365;269300;40;25
2180325;NEUMATICA: CONECTOR ESPIGA ROSCA HEMBRA 1/4 ESPIGA 8MM;3601;14972;312;12
2181468;NEUMATICA: TUBO POLIURETANO AZUL Ø 10 X 1,5 MM;7236;329638;313;12
2181492;NEUMATICA: CONECTOR RAPIDO T H-H-H PARA TUBO DE Ø 12 MM;8721;413038;68;12
2200025;ACEITE: TEXTOL HT 32 - LITESA;1126;133774;177;3
2200317;ACEITE: SUMMIT HYSYN 32 ( X 19 LTRS);2402;243137;269;3
2200589;ACEITE: PRIMIUN FLUID ESPECIAL;7930;214294;208;3
2201046;ACEITE: KLUBER MADOL 934 N;7335;385269;280;3
2201105;ACEITE: TELLUS S2-M-68 SHELL-CODIGO 10264;5237;348862;203;3
2201842;ACEITE: LAMORA D 220 X 20 LTS;7426;44005;115;3
2202224;ACEITE: KLUBER TEX R 14;7503;289472;298;3
2202612;ACEITE: KLUBER TEX W 32;4841;340221;424;3
2400086;CORREA: DENTADA 1104 8M 25MM;7606;292715;315;13
2400103;CORREA: A 54;8644;94593;43;13
2400132;CORREA: DENTADA 2600 8M 50MM;5287;55552;342;13
2400142;correa del motor 1600x8M;6604;147287;111;13
2400156;CORREA: XPA 1750;9891;324668;54;13
2400163;CORREA: XPA 1500-SPA 1500-;9291;334706;91;13
2400200;CORREA: A 68;5800;95123;367;13
2400498;CORREA: VAR 14 X 7 X 1770 LI MAYER;6545;487903;139;13
2400585;CORREA: A 87 -SPA 2240-;578;394061;48;13
2400597;correa 1800-8M-50;2613;499704;81;13
2400697;CORREA: DENTADA 2400 8M 50MM;7371;138750;28;13
2400731;CORREA: SPZ 1400 XPZ 1400;4024;146331;369;13
2400782;CORREA: SPZ 1500..............;1506;398976;382;13
2400812;CORREA XPZ 1600;469;444777;238;13
2400863;CORREA: SPZ 1750 E66;2997;247563;202;13
2400871;CORREA: SPZ 1762;1314;167953;50;13
2400898;CORREA: XPZ 1800;5267;9534;443;13
2400979;CORREA: SPA 2240;4607;282602;18;13
2401576;CORREA: DENTADA 750 H 100;5489;28793;106;13
2402039;Correa 1040-8Mx50.;8728;132446;46;13
2402238;CORREA: POLICORD 4MM;3109;120354;140;13
2402827;CORREA: DENTADA 367 L 100;3811;205589;185;13
2402830;Correa de vanguard;2477;365419;181;13
2402870;CORREA: DENTADA 720 8M X 20 MM;8750;235836;24;13
2402909;CORREA: XPZ 1420 - 3VX 563;7803;470775;454;13
2402910;CORREA: SPA 1782;8556;445151;145;13
2403442;CORREA: VAR 14 X 5 X 1400 LI;4142;182227;28;13
2403443;CORREA: VAR 14 X 5 X 1120 LI;7636;117809;324;13
2403823;CORREA: XPA 882-SPA 882-;795;202274;109;13
2404727;correa de transmisión SPZ. 1537 w;1231;99382;216;13
2404990;CORREA: SPZ 1687-XPZ 1687-;4333;193363;124;13
2405862;correa 14x5x1060;5583;334247;247;13
2406565;correa 800 8m;1707;37096;193;13
2407007;CORREA: SPA 732;844;307692;374;13
2410036;CORREA: SPA 2360;2399;328237;69;13
2410087;CORREA: POLICORD 3MM;2759;417555;267;13
2410765;CORREA: 3VX 1180;7877;200513;269;13
3000117;LIBRERIA: LIBRETA;4762;277373;44;16
3000120;LIBRERIA: LETROGRAFO ALTO LETRA 20 MM - LETRAS Y NUMEROS;9562;66880;269;16
3000124;LIBRERIA: ALFILER CABEZA DE VIDRIO;5483;186295;226;16
3000141;LIBRERIA: CUADERNO RAYADO 84 H;6517;228466;3;16
3000165;LIBRERIA: ETIQUETA 100 X 60 MM ROLLO X 2000 UNID. AUTOADHESIVAS CODIGO DE BARRAS;4526;21241;74;16
3000168;LIBRERIA: CUADERNO CUADRI 84 H;6167;365451;112;16
3000257;LIBRERIA: BROCHE 10/50;2882;97148;392;16
3000258;LIBRERIA: BROCHE 10/50 CAJA X 5000;8758;377885;15;16
3000338;LIBRERIA: LAPIZ NEGRO;8110;62544;128;16
3000362;LIBRERIA: TINTA P/MARCADORES;6498;386480;186;16
3000389;LIBRERIA: MARCADOR INDELEBLE TRAZO FINO.;7608;213881;181;16
3000397;LIBRERIA: RESALTADOR;7194;399876;367;16
3000400;LIBRERIA: BOLIGRAFO;7974;31402;129;16
3000516;LIBRERIA: SOBRE OFICIO 23 X 37;3835;239829;405;16
3000693;LIBRERIA: MARCADOR PARA PIZARRA - ROJO;8816;419314;391;16
3000695;LIBRERIA: MARCADOR PARA PIZARRA - AZUL;5450;53090;142;16
3000696;LIBRERIA: MARCADOR PARA PIZARRA - NEGRO;9409;427175;49;16
3000700;LIBRERIA: MARCADOR PARA PIZARRA - VERDE;35;497439;52;16
3000761;LIBRERIA: SOBRE MADERA 23 X 32 - A4;1343;202850;280;16
3000826;LIBRERIA: TIZA BLANCA;303;139115;3;16
3001106;LIBRERIA: TINTA PARA MARCADOR PERMANENTE X 30 ML;7904;221197;127;16
3001121;LIBRERIA: ETIQUETA 80 X 50 MM ROLLO X 2500 UNID. AUTOADHESIVAS CODIGO DE BARRAS;8122;139858;384;16
3001166;LIBRERIA: BANDAS ELASTICAS;9212;401367;38;16
3001415;LIBRERIA: MARCADOR NEGRO;4939;467699;456;16
3001784;LIBRERIA: FOLIO PLASTICO A4;2619;160989;453;16
3002197;LIBRERIA: TIZA COLOR;6199;129454;268;16
3002578;LIBRERIA: BIBLIORATO A4;7414;85827;359;16
3002586;LIBRERIA: FOLIO A4 - PORTA TARJETA;1931;178608;5;16
3002637;LIBRERIA: RIBBON 83 MM X 450 M CERA PREMIUM S-245;3925;334828;64;16
3002645;LIBRERIA: ETIQUETA 100 X 60 MM ROLLO X 500 UNID. AUTOADHESIVAS CODIGO DE BARRAS;5953;469147;494;16
3003069;LIBRERIA: ABROCHADORA 10/50;5729;197478;232;16
3003101;LIBRERIA: APRIETA PAPELES CON BASE ACRILICO;479;222686;442;16
3003102;LIBRERIA: APRIETAPAPELES METALICO;6093;112980;373;16
3003136;LIBRERIA: PAPEL A4 70 GRMS. X RESMA.;9125;160466;315;16
3003152;LIBRERIA: CORRECTOR BLANCO LAP;8187;473765;318;16
3006804;LIBRERIA: RIBBON 83 MM X 153 M CERA PREMIUM S-245;4318;41794;212;16
3200035;LIMPIEZA: INSECTICIDA EN AEROSOL;72;163596;228;27
3200044;LIMPIEZA: ROLLO DE PAPEL SECA MANOS;6536;474205;100;27
3200071;LIMPIEZA: PALA PLASTICA PARA RECOGER BASURA;4036;37149;197;27
3200078;LIMPIEZA: SECADOR;3845;7212;30;27
3200116;LIMPIEZA: ESCOBILLON 80 CMTS;4532;60101;491;27
3200175;LIMPIEZA: ESCOBA PLASTICA;6768;130691;54;27
3200184;LIMPIEZA: DESENGRASANTE INDUSTRIAL;6594;414652;115;27
3200185;LIMPIEZA: PLUMERO DE MICROFIBRA;1570;216730;292;27
3200214;LIMPIEZA: LIQUIDO LIMPIA VIDRIOS X 5 LT;438;136345;419;27
3200264;LIMPIEZA: CEPILLO P/INODOROS;1920;190791;497;27
3200270;LIMPIEZA: PERFUME P/TELA;4326;217734;216;27
3200299;LIMPIEZA: CEPILLO PLASTICO28CM;6175;132476;267;27
3200337;LIMPIEZA: LAMPAZO (COMUN);5288;263949;493;27
3200398;LIMPIEZA: CABO PARA CEPILLOS,SECADORES Y OTROS;217;191704;445;27
3200399;LIMPIEZA: CABO EXTENSIBLE PARA LIMPIA TECHO;4971;449342;242;27
3200447;LIMPIEZA: LIMPIATECHO ESFERICO;9012;284471;237;27
3200506;LIMPIEZA: ATOMIZADOR PLASTICO;6802;340278;178;27
3200541;LIMPIEZA: MOPA;1061;322668;406;27
3200542;LIMPIEZA: LAMPAZO ARTICULADO 80 CM - COMPLETO;1530;81966;458;27
3200561;LIMPIEZA: LIQUIDO P/LAMPAZO;5242;480596;111;27
3200596;LIMPIEZA: SOPAPA DE GOMA.;8593;281293;447;27
3200912;LIMPIEZA: CEPILLO LAVACOCHES;6086;405844;128;27
3200971;LIMPIEZA: ESCOBILLON 100 CM;8175;404705;408;27
3203866;LIMPIEZA: ESCOBILLON 60 CTMS;2676;78562;152;27
3203882;LIMPIEZA: LAMPAZO ARTICULADO 60 CM - COMPLETO;3234;32626;100;27
3600017;FARMACIA: ALCOHOL PURO MEDICIN;2016;388904;193;17
3600099;FARMACIA: SOLUCION FISIOLOGICA;3481;344413;317;17
3600401;FARMACIA: GUANTES QUIRURGICOS;1623;379896;180;17
3600995;FARMACIA: ALCOHOL EN GEL;1370;291178;367;17
