id_insumo;descripcion;stock;stock_min
1003160;RACORD: ROSCA HEMBRA 1/4 P/MANGUERA 8 MM;2198;187
1102848;SOHLER: UC RS 520.921 MICROINTERRUPOR V3;7855;210
1103246;TC15: 035081755835 CORREA DENTADA 1120 - 8 M 20;3605;36
1104856;AX6: 149 656 095 SENSOR HALL     ;9296;235
1105145;G30: 41.305 CINTA DE POSICION- BUXADERAS;1546;108
1105618;F40: 200349 Correa dentada 720 HTD 8M 40;8099;49
1109243;"TORNILLO: AUTOPERFORANTE CABEZA FIJADORA PUNTA MECHA T1  6 X 1""         (3.5 X 25 MM) ZINCADO";1687;465
1116118;MAYER: 180176.0 PORTALAMPARA;9256;72
1145172;NEUMATICA: VALVULA REGULADORA DE CAUDAL - GRLA 1/8 - QS6 - MFD;1067;108
1161822;E35: 13040.006 RODILLO DE CABALLETE CARRO E16;1256;27
1161853;E35: 13040.003 RODILLO GUIA 82 X 30;7477;333
1163638;ADHESIVO: CIANOCRILATO CIANO CM-2;9763;320
1187852;SOHLER: 505.704 SENSOR MAGNETI;3949;408
1200001;MAYER: 216743.1 COJINETE DE ACCIONAMIENTO;6999;171
1200002;MAYER: 055417.0 ANILLO TOROIDAL;9370;214
1200003;MAYER: 051107.0 DISCO DE AJUSTE;31;165
1200004;MAYER: 050368.0 ANILLO DE SEGURIDAD;3121;436
1200005;MAYER: 054530.3 RUEDA DE CALIDAD RUEDA SIMPLE D= 250;9673;410
1200006;COJINETE-SOPLADOR;8965;461
1200007;MAYER: 273715.1 TOBERA;687;319
1200008;MAYER: 273716.1 TOBERA;7548;126
1200009;MAYER: 271005.0 BARRA;6993;367
1200010;AGUJA: VO  78.66 G01;4773;298
1200011;AGUJA: VO  91,50 G0016;368;215
1200012;AGUJA: VO  78.66 G02;8825;3
1200013;MAYER: PIÑON Z 14;4375;129
1200014;MAYER: 369441.0 CONTROL CASILLS ECP;8457;213
1200015;MAYER: 271391.0 TOBERA CPL;8816;359
1200017;AGUJA: VO 140,50 S0036 SAMSUNG;3874;56
1200019;"MAYER: 386996.0 LEVA CPL. 30""";4480;18
1200026;MAYER: 371806.0 LLEVADOR;9000;426
1200030;MAYER: 058850.0 JUNTA ANILLO;6284;337
1200034;MAYER: 238606.3 COMANDO MANEJO DE LA  PANTALLA;9699;403
1200035;"MAYER: 386995.0 LEVA CPL 30"" FLAUM";8851;349
1200036;"MAYER: 386994.0 LEVA CPL 22""- 30""";4820;131
1200037;MAYER: 10000568 ACCIONAMIENTO MANO CPL;2689;60
1200038;AGUJA: VO 140,50 G0036;902;348
1200040;MAYER: 216745.0 PIÑON;8462;281
1200041;MAYER: 349124.1 APTO DE PUESTA A PUNTO CPL;7888;413
1200042;MAYER: 216746.2 CHAPA DE CUBIERTA;276;311
1200043;MAYER: 10002235 UNIDAD DE BOTONES CPL;7938;29
1200044; VO 140.50 S0037;6587;139
1200045;AGUJA: WO 146,75 G0018;7428;473
1200046;AGUJA: VO 140,50 G0037;6861;1
1200047;AGUJA: VO 140,50 S0038 SAMSUNG;9191;11
1200048;AGUJA: VO 140,50 S0039 SAMSUNG;3360;225
1200049;Aguja VOTA 62.50 N007;4708;182
1200050;AGUJA: VOTA  65,52 N001 NEETEX;3132;253
1200051;AGUJA: WO 146,52 N0013 NEETEX;5458;290
1200052;AGUJA: WO 146,52 N0014 NEETEX;2155;481
1200053;AGUJA: WO 146,75 G0019;7320;70
1200055;PLATINA: SNK 41. 20- G25 - GROZ BECKERT;4332;81
1200056;AGUJA: WO 146,52 N0015 NEETEX;111;416
1200057;PLATINA: SNK 41 .25-  G 3 - GROZ BECKERT;4320;136
1200059;AGUJA: WO 146,52 N0016 NEETEX;9555;390
1200060;AGUJA: VOTA 105,55 N005 NEETEX;7113;113
1200061;AGUJA: WO 146,75 G0020;6188;78
1200062;AGUJA: VO 139,52 G014;789;497
1200063;AGUJA: VO 105,55 N0010 NEETEX;4984;217
1200064;AGUJA: VO 105,55 N0011 NEETEX;4034;60
1200065;AGUJA: VO 105,55 N0012 NEETEX;499;262
1200066;AGUJA: VO  65,52 N001 NEETEX;249;18
1200067;MAYER: 196503.0 INVERTER D-740-120 E11 / 5,5KW;5222;80
1200068;MAYER: 365592.9 PLACA RELÉ CPL S4/D4;666;361
1200069;MAYER: 345315.4 PLACA RELÉ CPL PRINTVERTEILER;6464;72
1200070;PLATINA: 206.000.320;2701;203
1200072;AGUJA: VO  90,41 S0016 PRIM - SAMSUNG;32;432
1200073;AGUJA: WO 146,52 S11 SAMSUNG;232;250
1200074;AGUJA: WO 146,52 S12 SAMSUNG;3210;324
1200075;AGUJA: VOTA  62,50 S007 SAMSUNG;7463;277
1200077;AGUJA: VO  91,50 S007 SAMSUNG;2978;399
1200078;AGUJA: WO 146,52 S09 SAMSUNG;91;351
1200079;AGUJA: WO 146,52 S10 SAMSUNG;4517;149
1200082;MEMMINGER: 050-100-315-10 MULTIPLE DE PUSONIC;6486;14
1200084;VANGUARD: 108943-01 - Patin simple del faldeador - 3 agujeros;15;487
1200086;VANGUARD: 1806853 - Rueda del faldeador;3888;428
1200087;VANGUARD: 806670-720 - Correa de transmisión de la polea;1703;51
1200088;VANGUARD: 806920-1792 - Correa del motor;9519;238
1200089;MAYER: 10006771 ACONDICIONAMIENTO KIT MC 89;8632;66
1200090;VANGUARD: 808450-01 - Pico de lubricación;2263;32
1200091;VANGUARD: 119028-12C - Display Pantalla (con placa de control y chip de circuito);1351;128
1200095;MAYER: 196542.2 PLACA DE MONTAJE;2844;487
1200096;MAYER: 19501.1 CABLE  D-SUB RJ45 L=1600;5401;416
1200100;AGUJA: VO 140,50 G0038;508;251
1200114;IMAN: DE NEODIMIO Ø 15 MM , 5 MM DE ESPESOR;4889;71
1200120;AGUJA: VO  90.50 G0017;7214;35
1200121;MAYER: 275918.1 APTO DE PUESTA A PUNTO CPL;6739;448
1200128;MAYER: 194241.0 MOTOR SERVO;9316;408
1200129;MAYER: 145317.1 ALIMENTADOR VELOCIDAD OBT;879;314
1200130;AGUJA: VO  71.70 G081 (GUM);468;283
1200132;MAYER: 057301.0 DISPOSITIVO TENSOR;6259;127
1200135;AGUJA: VO 139,52 G015;6254;140
1200140;MAYER: 10003420 ROLLO ELASTAN;7162;468
1200141;MAYER: 388599.2 GUIADO DEL HILO;4714;345
1200144;AGUJA: VO  71.70 G083 (GUM);974;366
1200150;Fabricar buje de aislación de puertas de máquinas circulares. (según muestra);7908;410
1200158;MAYER: 10004834 PANEL DE CONTROL ECP-V4 MC 79101-79102;9551;466
1200161;VANGUARD: 100797-430 - Resorte de retención de agujas;7356;351
1200163;VANGUARD: 119049-02 - Rueda de calidad superior;7709;8
1200168;VANGUARD: 118452-103 - Base portacarbones (escobillas;5816;398
1200172;VANGUARD: 775565-02 - Interruptor de imán (Coded Magnet Switch);6971;450
1200175;AGUJA: WO-LS 146.52 G10;1490;407
1200176;VANGUARD: 808419 - Manguera de descarga;8527;138
1200178;AGUJA: WO 146,52 G0010;2146;349
1200179;VANGUARD: 1806852-0620 - Tornillo de hombro (bulón);598;51
1200180;MAYER: 299288.4 PLACA MADRE RELAINT 1.6 ER / 3.2 II;9093;376
1200188;VANGUARD: 808450-02 -  Pico de lubricación;9262;24
1200189;VANGUARD: 808450-03 -  Pico de lubricació;769;210
1200190;VANGUARD: 808447-22 -  Pico de lubricación;8471;319
1200192;VANGUARD: 775650-0475 - Inverter Lenze de 10 hp, 480V;5556;259
1200194;AGUJA: VO 140,50 G0039;9484;439
1200200;MAYER: 194141.0 INVERTER FR-F740-00126-E2 400V/5,5 KW / 11;6979;402
1200201;MAYER: 10002538 DISPLAY;3493;262
1200203;VANGUARD: 806670-1600 - Correa del tira tela MQ 132;2368;141
1200205;VANGUARD: 775581-01 - Módulo de seguridad de la puerta;3474;496
1200206;MAYER: 10003878 DISCO;5866;88
1200209;MAYER: 10006533 PANEL ECP_V4;897;82
1200210;VANGUARD: 119048 - RUEDA DE CALIDAD INFERIOR;3845;304
1200211;MEMMINGER: ZEBRA CORREA     ;2216;190
1200212;MEMMINGER: ZEBRA ESTUCHE SOPORTE     ;1396;298
1200213;MEMMINGER: ZEBRA CABLE USB-C     ;9962;110
1200214;MEMMINGER: ZEBRA CARGADOR P/ MOVIL     ;5968;217
1200215;MEMMINGER: INTEOS IF KNIT DEVICE     ;3693;169
1200217;MEMMINGER: INTEOS KIT SENSOR MEDIDOR DE CONSUMO      ;1612;468
1200218;MEMMINGER: INTEOS SENSOR DE RPM     ;1972;469
1200219;MEMMINGER: ZEBRA MOVIL DEVICE;2349;226
1200220;MEMMNIGER: INTEOS CABLE DEL MEDIDOR DE CONSUMO;2518;313
1200221;MEMMINGER: INTEOS MEDIDOR DE CONSUMO DE HILO;2264;251
1200222;MEMMNIGER: INTEOS MEDIDOR DE CONSUMO DE LYCRA;4260;454
1200230;MEMMINGER: 10-106-1810 PEINE P/ MAQUINA LISTADORA VERDE ( MC 92-93);8710;83
1200234;MEMMINGER: 022-000-085-01 DISPOSITIVO TENSOR CINTA DOBLE;9188;17
1200236;PLATINA: 206.001.682K 00 KERN-LIEBERS;2961;448
1200237;PLATINA: 206.001.970K 00 KERN-LIEBERS;4276;278
1200238;PLATINA: 206.000.341G 00 H.3,00 KERN-LIEBERS;9582;102
1200242;AGUJA: WO 89. 52 G 001;6199;206
1200243;AGUJA: VO 160. 48 G 005;3954;132
1200244;AGUJA: VO 160. 48 G 006;3531;335
1200246;AGUJA: VO 160. 48 G 008;1463;447
1200259;AGUJA: WO 146,52 G0012;3518;322
1200261;VANGUARD: 1806846 FIJADOR GUIA DEL FALDEADOR;8175;127
1200292;PLATINA: 206.101 230G 00 KERN-LIEBERS;7037;395
1200298;PLATINA: 206.001 681K 00 KERN-LIEBERS;1700;372
1200300;PLATINA: SNK 51. 40-  G 1 - GROZ-BECKERT;6965;64
1200301;PLATINA: 206.001 683K 00 KERN-LIEBERS;819;129
1200302;AGUJA: VO 139.52 G0026;3965;371
1200303;PLATINA: 200.1006.0020;1462;134
1200304;AGUJA: VO 139.52 G0025;8175;285
1200305;PLATINA: 206.001 632K 00 KERN.LIEBERS;9961;233
1200306;AGUJA: VO 139,52 N0027 NEETEX;5151;228
1200308;AGUJA: LS+   90,36 G042;1041;367
1200325;MEMINGER: 050-000-300 ELECTRONIC PULSONIC 5.2/12/24;9860;457
1200344;MAYER: 136239.0 BUJE DISTANCIA;1134;405
1200348;AGUJA: VO 139,52 G016;6462;345
1200350;MAYER: 172905.0 SOPORTE;7254;337
1200356;AGUJA: VO 139,52 G013;631;30
1200387;AGUJA: LS+   90,36  G005;2615;397
1200400;AGUJA: VO 141,52 G005;4429;106
1200401;MAYER: 140401.0 RUEDA IZQUIERD;1587;160
1200404;AGUJA: 141.52G006;2173;438
1200407;AGUJA: 141.52G007;9356;320
1200412;AGUJA: VO 141,52 G008;5042;102
1200418;AGUJA: VO  84.48 G0032;1187;441
1200429;AGUJA: VO  75,45 G005;8273;332
1200430;AGUJA: VO  65,48 G0013;7894;313
1200431;AGUJA: VOTA  65,48 G006;8803;110
1200432;AGUJA: VOTA 105,48 G005;6784;146
1200435;AGUJA: VO 105,48 G0013;6695;170
1200444;AGUJA: VO  90.50 G0015;2952;372
1200471;MAYER: SENSOR INDUCTIVO (PNP NORMAL CERRADO), IME08-04NPSZW2S (COD 1040892);155;320
1200472;MAYER: SENSOR INDUCTIVO  (PNP NORMAL ABIERTO), Ø12MM, SN=4MM;3696;119
1200473;MAYER: SENSOR INDUCTIVO (PNP NORMAL CERRADO), Ø12 MM, SN=4MM (COD 1040770);7809;369
1200477;MAYER: SENSOR INDUCTIVO (NPN NORMAL ABIERTO) Ø 8 MM, SN= 4MM (1086323);1885;349
1200478;MAYER: SENSOR INDUCTIVO (NPN NORMAL ABIERTO) Ø 12 MM, SN=4MM (1086324);5848;173
1200500;PLATINA: SNK 49.50-25 G6 -  GROZ-BECKERT;661;293
1200501;AGUJA: LS+ 110,41 G0057;7084;22
1200502;AGUJA: LS+ 110,41 G0058;5208;429
1200503;PLATINA: SNK 55. 50 -17 G10 - GROZ BECKERT;4808;257
1200504;PLATINA: SNK 52. 20 G6 - GROZ BECKERT;1152;411
1200506;PLATINA: SNK 55. 38 - 17 G4 - GROZ BECKERT;6946;479
1200516;PLATINA: SNK 53. 25 - G 4 - GROZ-BECKERT;6532;420
1200521;MAYER: 050455.0 ANILLO AJUSTE;8785;132
1200542;AGUJA: WO 146,52 G00 9;3766;2
1200543;PLATINA: SNK 55. 70 - 26 G1 - GROZ-BECKERT;4717;464
1200544;PLATINA: SNK 52. 20 G4 - GROZ-BECKERT;1872;355
1200666;AGUJA: WO III 173,50 G001;9875;0
1200700;"MAYER: 365422.0 LEVA SUPERIOR CPL 30/36"" - FLAUMBLASEN";7081;488
1200701;"MAYER: 362181.0 EXCENTRICO DE PLATINAS 30/36"", NORMAL";7576;98
1200702;"MAYER: 365432.0 LEVA CPL 30/36"" - NORMAL  ";5310;126
1200705;"MAYER: 365433.0 LEVA CPL 30/36"" FLAUMBLASEN";4739;338
1200711;"MAYER: 365420.0 LEVA SUPERIOR CPL 30/36"" - NORMAL  ";2778;428
1200715;MAYER: 388518.0 ROLLO DE ELASTANO CPL MC/ 71668-73885;4404;231
1200721;MAYER: 197751.0 SD CARD;7277;43
1200722;MAYER: 391330.0 UNIDAD DE AIRE COMPRIMIDO;7089;128
1200723;MAYER: 059761.0 VALVULA DE CONTROL DEL FILTRO.;4214;256
1200724;MAYER: 058896.0 VALVULA DE PRESION LR-1/4-DB-7-MINI.;6509;2
1200726;MAYER: 362182.0 EXENTRICO DE PLATINA;5318;197
1200727;MAYER: 387537.0 GUIADO DE HILO CPL;9376;78
1200728;MAYER: 386473.0 GUIA HILO;7637;0
1200729;MAYER: 386472.0 GUIA DEL HILO;6492;58
1200731;MAYER: 197750.0 COMANDO DE MANEJO DE LA PANTALLA;8539;289
1200732;MAYER: 179917.3 PLACA RELE CPL-EMS;4503;208
1200734;MAYER: 254417.1 RUEDA CONICA;7412;117
1200735;MAYER: 212643.0 PIÑON CONICO;3618;217
1200737;MAYER: 371808.1 UNIDAD SEGMENTO COJINETE BOLAS;257;286
1200738;MAYER: 348737.0 POLEA VARIABLE;5276;169
1200739;MAYER: 179966.4 PLACA RELE CPL;4195;489
1200741;MAYER: ZFP014.0 CONI SEP;5217;402
1200742;"MAYER: 274078.4 LEVA DE TRICORTA CPL 30 - 32""";1949;352
1200743;MAYER: 276044.0 RESORTE DE TRACCION;2861;240
1200744;MAYER: 258118.0 RESORTE DE TRACCION;703;76
1200745;MAYER: 128402.0 RESORTE TRACCION;3163;403
1200747;MAYER: 257021.1 PLANCHA RESORTE;1809;260
1200748;MAYER: 389227.0 BIDON CPL. ALTÖL;8688;392
1200751;MAYER: J-LY-111-02GY PATYN DE POLEA ALTERNATIVA;5643;500
1200752;MAYER: JLY-111-3G GOMA DE PATYN ALTERNATIVO;3780;190
1200754;MAYER: 057506.0 CUCHILLO DE CERAMICA;3959;198
1200756;MAYER: 212773.0 PIÑON 22 DIENTES;771;105
1200759;MAYER: 216744.1 ARBOL - EJE DE MANIJA;8605;256
1200762;MAYER: 239613.1 INYECTOR CPL;7184;174
1200764;MAYER: 059249.0 VALVULA SELENOIDE VUVG-L14-T32C-AT-G18-1P3.;3232;163
1200765;MAYER: 254536.1 ARBOL MC/ 46865-46866-47266;356;330
1200767;MAYER: 271390.0 INYECTOR CPL;1060;103
1200769;MAYER: 277861.2 GUIA HILO;870;27
1200772;MAYER: 197750.0 COMANDO DE MANEJO DE LA PANTALLA;3861;274
1200773;MAYER: 241142.1 INYECTOR CPL;7321;250
1200774;MAYER: 295106.0 PIÑON DE CADENA 14 DIENTES MC/68277;1817;233
1200775;MAYER: 367545.2 CAJA DE ACCIONAMIENTO;4;14
1200777;MAYER: 375270.1 ENSANCHADOR CPL MC/ABIERTO;9859;155
1200778;MAYER: 242104.0 BOQUILLA PULVE. REEMPLAZA 273717.0;4729;300
1200781;MAYER: 088240.0 contador de mallas - LUPA;3736;374
1200783;MAYER: 10004834 PANEL DE CONTROL ECP_V4 MC 79101-79102;2991;259
1200786;MAYER: 10005748 PLACA PRINCIPAL MC/ 79101;1377;105
1200788;MAYER: 377378.0 ROLLO DE ELASTANO HIGHSPEED CON RODAMIENTO;5762;77
1200791;INFORMATICA: MIKROTIK ANTENA WIFI CPA LITE (DONGLE);7111;467
1200793;INFORMATICA: MIKROTIK FUENTE DE ALIMENTACIÓN  24V - 1.2 A;8833;216
1200801;MAYER: 140015.0 RUEDA DERECHA;6338;18
1200806;MEMINGER: 010-100-185- MOTOR REDUCTOR;3056;50
1200807;MEMINGER: 010-100-186-30 NUCLEO CENTRAL DE VENTILADOR;5928;391
1200808;MEMMINGER: 042-100-007-01 SENSOR DE REVOLUCIONES CON CABLE MLT WESCO;2248;353
1200809;MEMINGER: 010-260-025-30 ASPA DE VENTILADOR 230;5915;488
1200810;MEMMINGER: 042-100-006-01 CARGADOR DE BATERIA MLT WESCO;3105;161
1200812;MEMINGER: 010-100-131-02 NUCLEO CENTRAL DE VENTILADOR DRIVEN 230V;1264;329
1200813;VANGUARD: 119229-002 GUIA HILO;747;436
1200814;VANGUARD: 119228-002 GUIA HILO;1574;109
1200815;PLATINA: SNK-OL 52. 25-  G 3 - GROZ-BECKERT;8341;81
1200816;PLATINA: SNK 53. 25 - G 3 - GROZ -BECKERT;4227;34
1200818;VANGUARD: 106897-002 GUIA HILO;1219;457
1200821;PLATINA: SNK 59. 40- 30  G 3 - GROZ-BECKERT;2646;53
1200822;MAYER: PLACA RELE Y PLACA DE POTENCIA , MAQ. 6 (USADA);672;196
1200823;MAYER: 386788.3 UNIDAD DE ALIMENTACION CPL;1055;223
1200824;MAYER: 386960.0 BIDON CPL ACEITE FRESCO;2480;443
1200825;MAYER: 299288.4 PLACA RELE CPL;4689;367
1200826;MAYER: 389395.0 FILTRO SENSO BLUE RS;5079;51
1200828;MAYER: 386965.0 ANGULO;991;414
1200830;MAYER: 197306.0 CALABROTE CPL 2M;2025;413
1200831;MAYER: 196353.0 CALABROTE CPL 1,2 M;3827;440
1200832;MAYER: 197089.0 SUMINISTRO DE LA CORRIENTE;7034;262
1200833;MAYER: 055438.0 TUBO DE ACEITE TRANSPARENTE;586;412
1200834;MAYER: 193542.0 ENCHUFABLE;4342;53
1200836;MAYER: 179724.0 MODULO CPL SFT;3174;65
1200838;MAYER: PLACA RELE MAQ. 85 (USADA);550;145
1200839;MAYER: 391329.0 UNIDAD DE AIRE COMRIMIDO;9758;40
1200846;MEMMINGER: 000-703-047 LCD MLT WESCO;2741;111
1200847;MEMMINGER: APARATO DE LYCRA ( CHINO );5679;7
1200900;MATSUYA: CEPILLO ABRE LENGUETA 60 X 35 MM;6920;465
1200917;MAYER: MANGUERA SILICONADA Ø EXT. 5,30 - Ø INT. 2,30 MM;8035;142
1200948;PLATINA: 206.001.200 G00;8192;493
1200965;AGUJA: WO 146,75 G0017;4177;56
1200992;AGUJA: VO 140,41 G0040;8919;96
1201002;ORIZIO: SOPORTE DE DISPLAY C/ BOTORES JSV4;8067;340
1201003;ORIZIO: TAPA POSTERIOR C/ BOTONERA JSV4;8410;258
1201005;ORIZIO: BOTORES C/ CABLE JSV4;6883;96
1201006;ORIZIO: TABLERO PRINCIPAL C/ TRANSFO Y CONTACTOR JSV4;2003;464
1201007;ORIZIO: FUENTE DE ALIMENTACIÓN 220V-24 DC 3,2 AMP JSV4;2358;470
1201008;ORIZIO: MODULO DISPLAY JSV4;2378;410
1201009;ORIZIO: SENSOR NPN;6207;448
1201010;ORIZIO: CABLE ALIMENTADOR DE PUAS 1720 MM JSV4;2955;321
1201011;ORIZIO: CABLE SERIAL IHM 7 POL JSV4;8885;359
1201012;ORIZIO: CABLE 04 A 5530MM JSV4;9897;353
1201013;ORIZIO: PLACA PRINCIPAL JSV4;1936;245
1201014;ORIZIO: PLACA SUPERIOR DE ENTRADA Y SALIDA 20190806 JSV4;2286;367
1201015;ORIZIO: PLACA SUPERIOR DE FORNIZORES 0512 JSV4;1666;123
1201016;ORIZIO: CABLE SUPERIOR 07 A 2040 MM JSV4;4729;365
1201017;ORIZIO: CABLE MOLEX  JSV4;3620;374
1201019;ORIZIO: CABLE 03A 5400 MM  JSV4;8722;95
1201021;ORIZIO: CABLE 06-06 A LONG JSV4;4259;224
1201025;"ORIZIO: 02065100 PICO DE SOPLADO ""PLATINA"" JSV4";629;330
1201027;ORIZIO: TENSOR CORTO P/ CINTA DE ALIMENTACIÓN JSV4;7583;355
1201030;ORIZIO: ESTIRA CINTA DE ALIMENTACIÓN LARGO JSV4;7819;363
1201031;ORIZIO: 0040026A INYECTOR DE AIRE JSV4;6126;17
1201051;PLATINA: 206.090.100 B     (X);3295;473
1201069;AGUJA: VO 140,41 G0041;7217;458
1201070;PLATINA: SNK 49. 40-18 G 3- GROZ.BECKERT;7483;383
1201078;ASPA PLASTICA PARA VENTILADOR DE MOTOR ELECTRICO: Ø 190, Ø EJE 30;7369;496
1201106;MAYER: 193829.0 BOTON BLANCO;807;473
1201123;AGUJA: VO 140,41 G0042;3507;259
1201263;ASPA PLASTICA PARA VENTILADOR DE MOTOR ELECTRICO: Ø 190, Ø EJE 38;142;493
1201283;MAYER: 054204.0 DISPOSITIVO;5192;53
1201350;correa 10x5x1015;2350;29
1201402;MAYER: 10000290 RUEDA DE CALIDAD;6258;264
1201403;MAYER: 057309.9 LIMPIEZA-CINTA CPL. 1 CINTA LANGE 140 MM;6949;323
1201404;MAYER: 057318.0 GUIA;413;471
1201405;MAYER: 057316.0 UNIDAD DE DESVIACION AJUSTABLE HORIZONTALMENTE;6515;134
1201406;MAYER: 055970.0 CORREA DENTADA 10600 MM;9631;29
1201407;MAYER: 174795.0 CALABROTE CPL;1298;442
1201408;MAYER: 179152.1 CONEXION;4281;152
1201409;MAYER: 100003018 FLAT CABLE CONECTOR;5990;111
1201410;MAYER: 272094.0 DOUBLE GUIDE ROLL CPL;4530;459
1201411;MAYER: 373875.0 EL CABLE DE CINTA;4289;127
1201412;MAYER: 387296.0 ALIMENTADOR DE ELASTO;6877;190
1201413;MAYER: 299221.0 SOFTWARE MEMC30.HEX V3.4;3110;227
1201414;MAYER: 269210.1 SOPORTE;4805;298
1201415;MAYER: 368438.0 ROLLOELASTAN CPL;4063;238
1201416;MAYER: 054679.0 ESPIGA ROSCADA CINADA;9080;246
1201417;MAYER: 051037.0 DISCO A 4,3 CINCADO (A2A) ISO 4042 A 4,3;9009;276
1201418;MAYER: 053359.0 TORNILLO CABEZA LENTICULAR TORX  (T20) 4 X 6;879;434
1201419;MAYER: 051258.0 RESORTE DE DISCO;2582;262
1201420;MAYER: 267636.0 LEVA DE TEJIDO ZA CPL  0,6-1,8;6851;235
1201421;MAYER: 267588.0 LEVA A 1G;6121;339
1201422;MAYER: 267591.0 LEVA A2G;213;337
1201423;MAYER: 222122.0 TORNILLO L:16;2810;204
1201424;MAYER: 282056.1 ANILLO CPL;8328;175
1201425;MAYER: 387292.0 ALIMENTADOR DE ELASTANO;6387;61
1201495;MAYER: 191215.0 MANDO;2545;357
1201605;MAYER: 149516.0 CIERRE CPL;5539;125
1201613;MAYER: 188774.0 TRANSMISION;252;11
1201727;AGUJA: VO 140,41 G0043;474;26
1201743;MAYER: 0344770.0 CONISEP ELECTRONICO;5690;231
1201840;AGUJA: VO 139.52 G0021;6058;152
1201891;AGUJA: WO III 173,50 G003;1572;392
1202009;VANGUARD: 108855-02 PIÑON DEL FALDEADOR 15D;355;420
1202011;VANGUARD: 1806439 RODAMIENTO PARA PIÑON DEL FALDEADOR;4768;482
1202012;VANGUARD: EJE DE RODAMIENTO DEL FALDEADOR (ASIENTO DE RODAMIENTO DE AGUJAS);3398;476
1202235;MAYER: 203654.0 FORNISOR;7885;356
1202278;MAYER: ENGRANAJE RODILLO T.TE;5052;49
1202286;AGUJA: WO 146,52 G0013;6934;43
1202294;AGUJA: VO 139.52 G027;6233;47
1202316;MAYER: RESORTE A GAS N.69079;4393;333
1202588;AGUJA: VOSA 79,85 G02;7446;329
1202812;AGUJA: VO 140,36 G009;8931;343
1202855;MAYER: 139205.0 CEPILLO CIRCU;6167;119
1202936;MAYER: 128470.0 RESORTE TRACCION AL. 2.25 ASTM 227 CL. IIX EXT 14 X LC 113.50 + OJALES;1187;147
1202942;AGUJA;5389;183
1203010;AGUJA: WO III 173,50 G004;4381;489
1203011;AGUJA: LS+   90,41 G001;4945;248
1203012;TINTA PARA MARCAR TELA: COLOR AMARILLO FUERTE BUXADERA X 5 LTRS;1500;373
1203013;TINTA PARA MARCAR TELA: COLOR ROJO                         BUXADERA X 5 LTRS;7275;363
1203014;TINTA PARA MARCAR TELA: DOSIFICADOR X 200ML BUXADERA;7309;137
1203015;TINTA PARA MARCAR TELA: PICO PARA DOSIFICADOR;751;147
1203016;TINTA PARA MARCAR TELA: DOSIFICADOR X 200ML BUXADERA + PICO DOSIFICADOR;882;116
1203017;AGUJA: VO  90.50 S0020 PRIM - SAMSUNG;5969;145
1203018;MATSUYA: POLEA DENTADA Z 20 X 35MM - 8M;1260;368
1203024;MATSUYA: EW0002B MAIN MOTOR;6369;152
1203027;MATSUYA: DTE3006C TAKE-DOWN MOTOR AND WIRES;2005;226
1203028;"MATSUYA: DTD0011B TIMING BELT FOR 68""";4426;70
1203029;AGUJA: WO III 173,50 G002;4495;271
1203031;MATSUYA: DTT0005 TAKE DOWN CHAIN WHEL;1615;474
1203032;MATSUYA: EE9213 INVERTER FR-D720-0.75K;2150;157
1203036;PLATINA: SNK 55. 50- 17  G 6-  GROZ-BECKERT;4747;377
1203038;PLATINA: 56.40-30G5;3853;178
1203046;MATSUYA: DTE3006C TAKE-DOWN MOTOR + WIRES + GEAR HEAD SGN 180K;515;258
1203047;MATSUYA: EE9506C STITCH MOTOR;8291;214
1203049;PLATINA: 000946-42RD4;7205;19
1203070;"MATSUYA: DTE4043-L ROLL IN SENSON WITH WIRE 68""";9324;261
1203137;PLATINA: SNK 53. 25-  G 2 - GROZ-BECKERT;4316;272
1203142;AGUJA: VO  81,50 G010;6988;77
1203143;Aguja VO 91.50 N009;7752;478
1203215;PLATINA: 206.107.000;8232;288
1203251;PROTECHNA: VA-00073 CENTRAL;7706;428
1203274;MAYER: CINTA MEMMINGER  6200MM;2288;367
1203282;MAYER: CINTA MEMMINGER  6400MM;4175;124
1203290;cinta de alimentacion memminger Nº7200;3382;102
1203291;MAYER: 001-100-151-02 CLUTCH L 20;78;43
1203292;MATSUYA: EE9506-1B-3 STITCH STEPPING MOTOR;6574;283
1203293;MATSUYA: EE9540A STITCH SENSOR;284;483
1203294;MATSUYA: DTE2006A STEPPING MOTOR FOR CAM;9475;304
1203295;MATSUYA: NTE7206 CAM SENSOR;5698;41
1203296;MATSUYA: NTD00060 CATERPILLAR CHAIN FOR M-100;9855;204
1203297;MATSUYA: NTE 4019B-L/O BOARD CABLE;7594;342
1203298;MATSUYA: ANTE2006A TAKE DOWN MOTOR Y GEAR HEAD;5102;451
1203299;MATSUYA: NTE2001A CTL BOARD;8792;274
1203300;MATSUYA: NTE2002 L/O BOARD;349;216
1203301;MATSUYA: DTT0004A CHAIN 3/8;1920;118
1203302;MATSUYA: RJF0009 CHAIN WHEELL;1693;70
1203304;MAYER: CINTA MEMMINGER  7400MM;4654;234
1203320;CINTA  MEMMINGER 7800;6283;225
1203339;MAYER: CINTA MEMMINGER  8400MM;5021;274
1203347;MAYER: CINTA MEMMINGER  8600MM;5167;328
1203355;MAYER: CINTA MEMMINGER  9800MM;7512;346
1203363;MAYER: CINTA MEMMINGER  6800MM;9676;482
1203371;MAYER: CINTA MEMMINGER  8000MM;6580;326
1203398;MAYER: CINTA MEMMINGER  9000MM;9154;256
1203400;MEMMINGER: PULSONIC 6 OILER STANDARD 12 X LUBRICATING POINTS;7968;30
1203401;MAYER: CINTA MEMMINGER 10800MM;8635;446
1203436;MAYER: CINTA MEMMINGER  9400MM;98;494
1203452;AGUJA: VO 139.52 G0022;1421;468
1203460;AGUJA: VOTA  83,55 G01;8760;465
1203479;AGUJA: VOTA  61,50 G05;1690;442
1203495;AGUJA: VOTA  65,52 G01;6805;197
1203509;AGUJA: WO 101,41 G003;2683;1
1203517;MAYER: O RING 130 X 3.53;919;141
1203525;AGUJA: WO 146,52 G0011;4703;441
1203568;cinta de alimentación MEMMINGER Nº7000;4137;298
1203580;PLATINA: 206.101.140 G;4519;433
1203584;AGUJA: VOTA  62.50 G0011;2927;7
1203592;AGUJA: VO  65,52 G001;9477;246
1203606;AGUJA: VO  83,55 G001;7881;71
1203607;AGUJA: VO  84.41 G0025;6668;392
1203608;PLATINA: SNK 49. 38- 21 G2 GROZ-BECKERT;9954;122
1203649;MAYER: O RING 150 X 3.53;4859;447
1203762;MAYER: 139024.0 ARBOL;1611;155
1204137;PLATINA: SNK 55. 50- 17  G7 -  GROZ-BECKERT;6766;63
1204138;PLATINA: SNK 55. 44 . 17  G5 - GROZ-BRCKERT;4815;247
1204139;PLATINA: SNK 43. 25-  G 5 - GROZ.BECKERT;7057;402
1204300;AGUJA: VO  90.50 G0022;1421;278
1204525;ORIZIO: 0050990N MODULO LCD LMG 7400 PLFC HITACHI;50;340
1204560;AGUJA: VO  84.48 G0030;3044;187
1204785;AGUJA: VO 140,36 G011;8264;99
1204807;MAYER: 345618.0 DISPARO TEJIDO;3246;453
1204823;AGUJA: WO 146,52 G0014;306;49
1204831;AGUJA: VO 140,36 G012;7463;118
1204874;LONATI: ELECTROVALVULA D4900832 - VERSION CHINA;715;373
1204904;AGUJA: VO  90,41 G0019;5622;47
1204912;AGUJA: VO  90.50 G0021;4883;408
1204998;PLATINA: 206.000.851;7514;440
1205021;PLATINA: 206.087.204 G00;1311;93
1205137;AGUJA WO 146.52 G0015;6480;53
1205145;AGUJA: WO 146,52 G0016;2502;214
1205307;MAYER: 194242.0 SERVOREGLER;4138;200
1205308;MAYER: 197750.0 COMANDO DE MANEJO DE LA PANTALLA USADO;1466;106
1205311;ORIZIO: PLC + PLACA USADO MAQ. 97-98;5790;74
1205692;MAYER: 140413.0 TRINQUETE;8391;205
1205706;MAYER: 140412.0 TRINQUETE MAND;5189;92
1205778;PLATINA: 206.000.234;9439;307
1205803;MAYER: 140414.0 TRINQUETE;2513;103
1205897;MAYER: 181143.0 TRANSMISOR;6858;428
1205952;MAYER: TORNILLO CABEZA CILINDRICA  HEXAGONAL EMBUTIDO 8 X 50 - ROSCA PASO 1,25 MM -;691;47
1205954;MAYER: TORNILLO CABEZA CILINDRICA HEXAGONAL EMBUTIDO 6 X 35 - ROSCA PASO 1 MM;1890;162
1205956;MAYER: TORNILLO CABEZA CILINDRICA HEXAGONAL EMBUTIDO 6 X 30 -ROSCA PASO 1 MM -;70;307
1205957;MAYER: TORNILLO CABEZA BOTON HEXAGONAL  EMBUTIDO 6 X 10 -ROSCA PASO 1 MM -;7938;212
1205958;MAYER: TORNILLO CABEZA BOTON HEXAGONAL EMBUTIDO 5 X 10 -ROSCA PASO 0,8 MM -;4204;207
1205960;MAYER: TORNILLO CABEZA HEXAGONAL 8 X 80 -ROSCA PASO 1,25 MM -;4679;154
1205961;MAYER: TORNILLO  CABEZA HEXAGONAL 8 X 15 -ROSCA PASO 1,25-;7448;132
1205962;MAYER: TUERCA HEXAGONAL 8 X 1,25;3097;39
1205963;MAYER: TUERCA HEXAGONAL 6 X 1;2060;123
1205964;MAYER: TUERCA HEXAGONAL 5 X 0,8;6704;303
1205965;MAYER: TUERCA HEXAGONAL 4 X 0,7;5540;267
1205967;MAYER: TORNILLO CABEZA CILINDRICA HEXAGONAL 5 X 40 CON PASO 0,80;7342;75
1205968;MAYER: TORNILLO CABEZA CILINDRICA HEXAGONAL 4 X 40 CON PASO DE 0,70;9079;210
1205970;MAYER: ARANDELA VUELO CHICO PLANAS 10 MM;784;410
1205971;MAYER: ARANDELA VUELO CHICO PLANAS 8 MM;612;426
1205972;MAYER: ARANDELA VUELO CHICO PLANAS 6MM;9888;215
1205974;MAYER: ARANDELA VUELO CHICO PLANAS 5 MM;3473;476
1205975;MAYER: ARANDELA VUELO CHICO PLANAS 4 MM;4245;124
1206176;MAYER: 222122.0 TORNILLO  4X12;7822;12
1206230;MAYER: 181139.0 INTERRUP.GIRA;4234;498
1206389;MAYER: 050317.0 RESORTE AJUSTE;9224;95
1206400;AGUJA 90.36 G005;8985;464
1206475;MAYER: 373266.0 LLEVADOR;149;193
1206494;AGUJA: VO  90,41 G0015;1361;26
1206524;MAYER: 362205.0 LEVA TEJIDO HI;3102;486
1206674;PLATINA: 206.101.270 G00;6778;391
1207114;AGUJA: VO 105,55 G0018;5876;238
1207130;AGUJA: VOTA 105,55 G005;6118;101
1207377;AGUJA: VO  62,50 G005;9976;489
1207385;AGUJA: VO  91,50 G009;6698;130
1207393;AGUJA: VO  91,50 G007;4713;340
1207401;AGUJA: VOTA  62,50 G007;5352;488
1207489;AGUJA: WO  85,52 G003;958;46
1207497;PLATINA: 206.000.031G      (K);915;467
1207549;PLATINA: 206.059.000 G     (N);8741;221
1207565;PLATINA: 206.044.000 G     (P);3969;135
1207709;PLATINA: 35.38.12-1;6443;170
1207741;AGUJA: VO 123,52 G002;478;42
1207782;CINTA MEMMINGER 8.800 MM;4826;471
1207790;CINTA DE ALIMENTACIÓN Nº8200;6083;76
1207792;MAYER: 054809.1 RESORTE PRES.;6417;169
1207809;MAYER: CINTA MEMMINGER  660OMM;9718;463
1207819;MAYER: 138431.0 PERNO RETEN;9876;399
1207914;AGUJA: VO 140,32 G001;2312;122
1207915;AGUJA: VO 105,55 G0017;6989;132
1207930;AGUJA: VO 140,32 G002;9758;368
1207963;AGUJA: VO 140,32 G004;2395;87
1207990;AGUJA: VO  90.50 G0013;5946;271
1207999;AGUJA: VO 140,32 G003 275692;5343;57
1208012;PLATINA: SNK 43. 25-  G 6 - GROZ-BECKERT;2302;213
1208106;MAYER: 212969.0 KETTENRAD Z15;4552;19
1208130;MAYER: 052913.0 RESORTE AJUS.;7155;324
1208396;MAYER: 363026.0 TUBOS DE CERAMICA;7754;229
1208398;MAYER: 129806.1 OJETE;9686;67
1208479;AGUJA: WO 101,50 G001;2638;387
1208487;AGUJA: VO  90,50 G006;3333;139
1208554;AGUJA: WO  96,100 G02;2112;198
1208562;AGUJA: WO  96,100 G01;250;320
1208589;AGUJA: WO 186,75 G004;2690;493
1208841;MAYER: 186950.0 INTERR.PROTEC;1467;135
1208876;MAYER: 186942.0 DISPOSITIVO;9249;307
1208884;MAYER: 186888.0 FUSIBLE;3885;130
1208892;MAYER: 187257.0 CONDENSADOR;5192;447
1208900;MAYER: 186952.0 RELE MOTOR;2624;266
1208943;MAYER: 186955.0 FILTRO;6271;76
1208978;MAYER: 188771.0 TRANSFORMADOR;1116;356
1209045;AGUJA: VO 105,55 G0019;405;18
1209206;MAYER: 054531.1 RUEDA CALIDAD;8733;103
1209214;MAYER: 055438.0 TUBO TECALAN;2669;199
1209220;MAYER: 056955.0 AMORTIGUADOR DE GOMA;4872;336
1209230;MAYER: 055690.0 RESORTE TRAC.;4656;330
1209426;MAYER: 271390.0 TOBERA CPL.;6019;209
1209705;MAYER: 225998.0 CUBIERTA ROJA;4806;60
1209902;MAYER: 140415.0 TRINQUETE;6710;469
1210214;Aguja WO 186.50 G001;6876;14
1210222;AGUJA: AGUJA: WO 186,50 G002;9565;109
1210230;AGUJA: AGUJA: WO 186,50 G003;3012;142
1210249;AGUJA: WO 186,50 G004;5266;284
1210501;MAYER: 140404.0 TUERCA 13-28;7111;408
1210830;MEMMINGER: 003-100-023-52 AVISADORES P/LYCRA;1867;32
1210832;MEMMINGER: 001-001-200-34 MPF 20 FORNIZOR;5637;126
1210833;MEMMINGER: 001-100-155-01 MPF SOPORTE DE SENSOR C/PLATILLO DE FRENO;546;83
1210835;MEMMINGER: 001-100-090 TENSIONER G1;1981;41
1210836;MEMMINGER: 010-100-138-02 NUCLEO CENTRAL DE VENTILADOR;4283;99
1210838;MEMINGER: 001-008-200-02 MPF 10 FORNIZOR;2521;370
1210935;MEMMINGER: PANEL SUPERVISION NETWORKER 031-000-033-50 3;4094;142
1211102;MAYER: 138286.0 CASQUILLO;8464;433
1211357;MAYER: 051248.0 ARAND.DE SEGUR;787;250
1211358;VANGUARD: 1806282-85 - Correa del tira tela;2560;495
1211359;VANGUARD: 108879 - Creamallera del faldeador;6509;230
1211491;MAYER: CINTA MEMMINGER 11200MM;5904;121
1211542;MAYER: CINTA MEMMINGER  9200MM;7685;162
1211677;MAYER: 268545.2 LEVA;7275;386
1211678;MAYER: 247196.3 LEVA;6737;75
1211754;PLATINA: 206.092.000 G;6369;11
1211802;MEMINGER: 003.100.104 AVISADOR DE LYCRA;5291;488
1211803;MEMMINGER: 100.910.412.00 A.P/LISTADORA ;2929;115
1211804;MEMMENGER: AVISADOR PARA LYCRA (CHINO);8785;13
1211932;AGUJA: WO III 173,41 G003;5856;221
1211933;AGUJA: WO III 173,41 G004;8363;37
1211934;AGUJA: WO III 173,41 G002;5325;459
1211935;AGUJA: WO III 173,41 G001;1293;84
1211948;MAYER: 055024.1 MANIJAS;3298;340
1212126;MAYER: 050986.0 ARBOL;7789;111
1212177;PROTTI: 18682 SENSOR INDUC.8MM;5415;18
1212193;PROTTI: 18523 MICRO C/CABEZA R;4909;197
1212228;PROTTI: 26373 LAMPARA P/AVISAD;1965;91
1212370;PROTTI: 17835 LAMPARA SEMAFORO;7162;196
1212448;MEM: 050.100.209 PLAQUETA;2784;338
1212740;MAYER: 365302.2 ENCODER;5472;137
1212813;MEMINGER: 003.100.102 PLACA ELECTRONICA;7006;325
1212900;PROTTI: 80226;5016;148
1212901;PROTTI: 80242;8914;95
1212902;PROTTI: 27220;4482;97
1212903;PROTTI: 26253;1178;98
1212904;PROTTI: 21098;3698;327
1212905;PROTTI: 25995;1703;456
1212907;PROTTI: 27068;1069;290
1212908;PROTTI: 80249;6049;349
1212909;PROTTI: CORREA MOTOR PASO-PASO;464;112
1212910;PROTTI: DESLIZADOR DE PICO;4186;256
1212911;PROTTI: EJE MOTOR PASO-PASO;1148;119
1212912;PROTTI: MICRO DE BARRA COMANDO;5136;394
1212913;PROTTI: MOTOR PASO-PASO;4198;327
1212914;PROTTI: MPX 13;4416;470
1212915;PROTTI: PALPADOR DE ANTIRREMONTADA;2220;429
1212916;PROTTI: PM 50 80235;2449;384
1212918;PROTTI: SENSOR IS 38;9476;270
1212919;PROTTI: 25987 SENSOR;7686;31
1212920;PROTTI: PLACA CONTROL GUIA HILOS;3759;316
1212921;PROTTI: PLACA CONTROL TIRA;1995;189
1213021;AGUJA: VO 139.52 G0023;2622;235
1213048;AGUJA: VO 139.52 G0024;8873;316
1213056;AGUJA: WO 137,50 G009;6609;215
1213355;MAYER: PLACA MADRE - MAQUINA Nº 86;4014;439
1213356;MAYER: DISPLAY DE MAQUINA 86;2738;209
1213361;MAYER: PLACA MADRE - MAQUINA Nº 13 US;299;63
1213362;MAYER: PLACA MADRE + PLACA DE POTENCIA MAQ: 13 US;97;381
1213363;MAYER: PLACA MADRE + PLACA POTENCIA MAQUINA Nº13 US;4699;125
1213364;MAYER: PUENTE DIODO US;4816;155
1213367;MAYER: MODULO + PLACA + DISPLAY MAQ: 13 US;9815;226
1213430;MAYER: ELEMENTO DE PARO SFE;8898;230
1213541;MAYER: INVERTER 7,5 KW ARG;4604;475
1213652;MAYER: INVERTER SJ 100 - 7,5 KW;2233;391
1250365;MEMMINGER: 042-000-000 MLT WESCO C/MANUAL INST;2367;407
1300474;MAYER: SENSOR INDUCTIVO  (NPN NORMAL ABIERTO) Ø12 MM, SN=4MM (COD 1040774);2390;98
1302533;BOMBA:  TRASVASE TELESCOPICA PARA TAMBORES DE 200 LTRS.;8425;13
1303312;MAYER: CINTA MEMMINGER  7600;2080;345
1306286;AGUJA: RECTA P/OVERLOCK TINT;9883;259
1307542;ALCOHOL: ISOPROPILICO EN AEROSOL;3368;295
1312279;JERINGA: DESCARTABLE 10CM3;9646;452
1335694;JERINGA: DESCARTABLE 60 ML;7176;46
1900005;RODAMIENTO:   608 2RS C3;1213;418
1900010;RODAMIENTO:  6208 ZZ C3;4430;419
1900014;RODAMIENTO: HF  0812;154;235
1900021;RODAMIENTO:   625 2RS1;5299;37
1900031;RODAMIENTO: R10 2RS C3;76;393
1900073;RODAMIENTO CON SOPORTE: ASPFL  204;9048;394
1900091;RODAMIENTO:  6301 2Z;9816;84
1900320;RODAMIENTO:  2309 2RS1;1185;117
1900353;RODAMIENTO: CSK 30 - P - C5;4842;118
1900412;RODAMIENTO:  6001 2RS;8548;214
1900447;RODAMIENTO:  6004 2RS;2320;209
1900501;Rodamiento 6008;6026;221
1900522;RODAMIENTO:  2209 ETN9;7974;351
1900536;RODAMIENTO:  6010 2RS;8383;33
1900561;RODAMIENTO:  6200 2RS C3;8140;481
1900579;RODAMIENTO:  6201 2RS;7659;202
1900580;RODAMIENTO:  6201 ZZ C3;2851;375
1900587;RODAMIENTO:  6202 2RS.........;4680;420
1900595;RODAMIENTO:  6203 2RS1;1428;72
1900625;RODAMIENTO:  6206 2RS;4395;351
1900626;RODAMIENTO:  6304 ZZ;4288;278
1900641;RODAMIENTO:  6208 2RS;9130;65
1900676;RODAMIENTO:  6209 2RS C3;9591;106
1900750;RODAMIENTO:  6302 2RS C3;4056;392
1900811;RODAMIENTO:  6308 2RS1;7494;330
1900838;RODAMIENTO:  6308 NR;1485;117
1900910;RODAMIENTO:  6303 ZZ;7458;282
1901053;RODAMIENTO:  6204 LLUNR/2AS-204PPG;4509;344
1901168;RODAMIENTO: CRAPODINA 51104;3550;379
1901338;RODAMIENTO: HK 25/20;3606;297
1901796;RODAMIENTO:  6002 2Z/C3;7465;452
1901797;Rodamiento 6002 2RS;2233;362
1901925;RODAMIENTO:   626 2Z;7023;267
1901935;RODAMIENTO:   695 ZZ;4581;166
1902040;RODAMIENTO: HK 16/12;8312;286
1902151;RODAMIENTO: CSK 25 X 52 X 15 M-C3;5002;491
1902401;rodamiento CSK20PP;5605;110
1902830;RODAMIENTO:   607 2RS1;8069;215
1902939;RODAMIENTO:  6301 2RS C3;7151;499
1902940;RODAMIENTO:  6301 2RS;7656;85
1902970;RODAMIENTO: HFL 1826 TORRINGTO;7453;482
1903152;RODAMIENTO: CSK 20-M-2RS-C5;8722;309
1903403;RODAMIENTO:  6206 ZZ;3604;152
1903535;RODAMIENTO: HF  2520;9707;297
1903808;RODAMIENTO:   696 2RS1;9346;170
1903809;RODAMIENTO:   696 ZZ C3;2322;345
1903823;RODAMIENTO:  6204 LLUNR/2AS;2653;186
1903824;RODAMIENTO:  6204 ZZ;7361;376
1903828;RODAMIENTO:  6304 2RS1 C3;9510;160
1904268;RODAMIENTO: NK  29-20;6826;243
1904319;RODAMIENTO:  6000 2Z;9081;123
1904328;RODAMIENTO:  6000 2RS C3;6016;490
1904825;RODAMIENTO:  6306 2RS1/C3;4284;418
1905005;RODAMIENTO:  6308 2Z C3;9512;104
1905182;RODAMIENTO:  6208 2RS C3;9330;374
1905190;RODAMIENTO:  6308 2RS C3;6271;343
1905561;RODAMIENTO:  6004 2Z ;6853;85
1905749;RODAMIENTO:  6205 ZZ C3;3388;40
1905812;RODAMIENTO:  6208 ZZ;9174;335
1905918;RODAMIENTO:   626 2RS1 C3;5883;203
1906061;RODAMIENTO:  6003 ZZ C3;6029;59
1906173;RODAMIENTO:   608 2Z C3;2448;359
1906444;RODAMIENTO:  6005 2RS C3;3770;260
1906452;RODAMIENTO:  6206 2RS C3;6836;159
1906587;RODAMIENTO:  6202 ZZ C3;1890;358
1906656;RODAMIENTO:  6004 2RS C3;5150;473
1906672;RODAMIENTO:  6006 2RS C3;449;164
1906680;RODAMIENTO:  6009 2RS C3;8889;93
1906699;RODAMIENTO:  6201 2RS1 C3;3876;444
1906707;RODAMIENTO:  6202 2RS C3;3543;432
1906715;RODAMIENTO:  6203 2RS C3;4266;458
1906723;RODAMIENTO:  6204 2RS C3;9874;156
1906731;RODAMIENTO:  6205 2RS1 C3;3834;415
1906902;RODAMIENTO:  6001 ZZ;1440;120
1906903;RODAMIENTO:  6203 ZZ;7647;364
1906927;RODAMIENTO:  6004 2Z C3;4217;305
1906931;RODAMIENTO:  6004 ZZ C3;8775;42
1909204;RODAMIENTO: 60/22;3293;422
2000012;LED: TIRA 12V BLANCA PARA TEJEDURIA ;2458;284
2000014;LED: TIRA LED LUZ DIA 24 VDC X 5 MTRS -(PARA MAQUINAS CIRCULARES-TEJEDURIA);7319;115
2000147;POTENCIOMETRO: B 1 K;7979;94
2000150;CAPACITOR: ELECTROLITICO   22.00 µF 450V;3782;441
2000170;CAPACITOR: ELECTROLITICO   22.00 µF 400 V;1094;336
2000171;CAPACITOR: ELECTROLITICO   20.00 µF 400V;7483;475
2000277;CONVERTIDOR DE FRECUENCIA:  0.37 KW 200-240V 3X220VA MODELO: ATV12H037M2;8732;241
2000285;CONVERTIDOR DE FRECUENCIA:  0.75 KW 200-240V 3X220VA MODELO: ATV12H037M2;4194;103
2000334;DIODO: PUENTE 3A - 1000V;7834;114
2000533;PLC: LOGO POWER 1.3 220VAC/24V;247;291
2000706;CONVERTIDOR DE FRECUENCIA: ALTIVAR 930    0,75KW-1 HP - 380/480V. MODELO: ATV 930 UO7N4;5917;207
2000715;CONVERTIDOR DE FRECUENCIA: ALTIVAR 320 0,37KW-0,5HP - 200/240V MODELO ATV320U04M2C;5896;386
2000862;CONTACTOR:   24VAC,    5.5KW, S00  3RT20 17-1AB01 ;6649;461
2000997;FUSIBLE: NH TAM.00  63A;2046;377
2001007;LUMINARIA: REFLECTOR LED  30W 6000K;1980;117
2001021;LAMPARA: LED 220V E27 10W LUZ FRIA.;3934;299
2001036;LAMPARA: TUBO LED 24 W 4000K 1 PUNTA (AKAI);6077;242
2001041;LAMPARA: LED E40- 120W- 6000K;410;15
2001107;LAMPARA: TUBO LED AKAI 45W 6500K;847;381
2001117;LAMPARA: LED REFLECTOR  50W ( KLOVER);1637;416
2001118;CAMBRE: TOMA 220V 10A C/PT GRIS;3437;436
2001133;FUSIBLE VIDRIO: 5 X 20 MM  4.00 A;7440;129
2001222;FUSIBLE VIDRIO: 5 X 20 MM  5 A;5979;211
2001245;PILA: 3V CR 2016;877;11
2001322;FUSIBLE VIDRIO: 5 X 20 MM  2.00 A;3368;433
2001349;FUSIBLE VIDRIO: 5 X 20 MM  6.00 A;8896;23
2001357;FUSIBLE VIDRIO: 5 X 20 MM  8.00 A;3423;368
2001497;INTERRUPTOR TERMOMAGNETICO: 2 X  16A P60;6778;135
2001499;CONTACTOR:   11,00KW 25A / 400V 50HZ S0 BOB. 21-28 VAC/DC 1N0 1NC - 3RT2026-1NB30;2176;449
2001500;INTERRUPTOR TERMOMAGNETICO: 2 X  25A C60C;7860;499
2001534;BORNE: PORTA FUSIBLE SECCIONADOR UNIVERSAL BKNP 520;6657;213
2001659;TERMINAL DE COBRE: S   6.00 MM² - OJAL  6.5 MM;3268;339
2001685;CAJA ESTANCA: 210 X 210 X 110;7048;252
2001686;CAJA ESTANCA: 165 X 165 X 80;219;338
2001718;CABLE: VN2000 1·  2.50MM2 ROJO;3990;242
2001734;CABLE: VN2000 1·  2.50MM2 CELE;1544;130
2001801;CABLE: VN2000 1·  6.00MM2 ROJO;2757;164
2001844;CABLE: VN2000 1·  1.50 MM².  MARRON;7028;147
2001860;CABLE: VN2000 1·  1.50 MM².  CELESTE;4174;416
2001899;TERMOCONTRAIBLE:  2,5 MM;6622;114
2001900;TERMINAL DE COBRE: S  10.00 MM² - OJAL  5 MM;5003;356
2001902;TERMINAL DE COBRE: S  16.00 MM² - OJAL  6.5 MM;1605;350
2001912;TERMINAL DE COBRE: S  50.00 MM² - OJAL 13 MM;4338;236
2001946;TERMOCONTRAIBLE: 12 MM;8266;217
2002086;EMPALME RECTO CU-SN S:    6,00;5132;73
2002104;FORZADOR DE AIRE:  24 VCC 60 X 60 X 20 MM;898;80
2002132;EMPALME RECTO CU-SN S:   50,00;5351;273
2002400;INTERRUPTOR TERMOMAGNETICO: 4 X  40A C60D;5262;317
2002493;ZOCALO: LAMPARA FLUORESCENTE (20-40-58W) - LED ;6458;344
2002497;CAMBRE: BASTIDOR P/4 MODULO STANDAR - 6950;2542;436
2002543;BORNERA: PUENTE FIJO P/BP 10;653;473
2002655;ZOCALO: 105W FLUORESCENTE JUEGO;2043;376
2002919;PULSADOR: P/SELECT.3POS.C/VUEL.D;8030;124
2002932;SELECTORA: MANETA CORTA 1NA-1NC - 2 POSICION FIJA - XB4-BD25;9356;418
2002957;FORZADOR DE AIRE:  24 VCC 80 X 80 X 25 ;1276;27
2003042;EQUIPO: LUZ DE EMERGENCIA ATOMLUX M400;2053;36
2003132;LAMPARA: TUBO LED 18/16 W LUZ FRIA/DIA  (AKAI) REEMPLAZA FLUORESCENTE 36W;2741;463
2003133;LAMPARA: PUNTERA PARA TUBO LED;2965;26
2003134;LAMPARA: TUBO LED AKAI 40 WTS 35.000 HS CONEXION 2 PUNTAS;756;412
2003472;POTENCIOMETRO: PERILLA RB;4501;474
2003480;POTENCIOMETRO: MULTIVUELTA 1K;9805;29
2003643;TRANSFORMADOR: 220V - 18 V 1A - 2A;4988;65
2003783;LAMPARA:  TUBO LED  12W 220V CIRCULAR;6540;297
2003872;INTERRUPTOR TERMOMAGNETICO: 2 X   6A C60N C;4372;185
2004001;CAMBRE: CAJA EXT. 2 MODULOS 4262;7429;424
2004159;CONTACTOR:   24VAC,    4.0KW, S0 - 3RT10 23-1AB00;5309;129
2004216;BORNERA: BP-10 750v 10 mm²;6949;276
2004445;CARBON:  5 X  8 X 25;4255;63
2004593;FORZADOR DE AIRE: 220 VAC   92 X  92 X 25 MM.;1372;336
2004628;ASPA PLASTICA PARA VENTILADOR DE MOTOR ELECTRICO: Ø 235, Ø EJE 34;5964;76
2004835;TOMA: CTE HEMBRA VLT 3PNT 16A;8340;291
2004851;TOMA CORRIENTE: 32A HEMBRA - VOLANTE 3P + N + T              PKY32M435;8720;213
2004996;TOMA: CTE MACHO VLT 3PNT 16A;6671;256
2005042;CAMBRE: BASTIDOR  P/4MOD  6970;2892;461
2005085;CAMBRE: INTERRUPTOR - PUNTO 6900;7540;69
2005123;ESTAÑO: 0.7 ALAMBRICO 60+40 (BOBINA X 250 GRS) ;5876;172
2005176;SENSOR: INDUC.NPN 8MM NA 10-30;4412;381
2005180;MAYER: SENSOR INDUCTIVO (PNP NORMAL ABIERTO), Ø 12 MM, SN=4MM (EMPOTRABLE) (COD 1040766);170;137
2005184;SENSOR: INDUCTIVO M12 NPN NO 4.0MM 3CAB;3829;488
2005192;MAYER: SENSOR INDUCTIVO (PNP NORMAL ABIERTO) IME08-04NPSZW2S - Nª1040888;7758;489
2005362;PILA: RECARGABLE TAMAÑO AA 1,2V, 1000 MAH;4117;39
2005654;CAMBRE: TAPA 2 MODULOS    4132;3864;200
2005743;CAMBRE: TAPA 1 MODULO TOMA CON PUESTA A TIERRA N.4135;1932;304
2005786;FICHA: TOMACORRIENTE 2 POLOS + PUESTA TIERRA 220V 10A HEMBRA PUNTAS PLANAS;8696;218
2005842;TOMA: CTE HEMBRA EXT.2PNT 16A;4435;210
2005859;POTENCIOMETRO: 1 VUELTA 1K;8258;463
2006103;PRECINTO: 370 X 7,6 MM ALT.7;2417;166
2006235;LAMPARA:  24V  1.2W  W2 X 4.6D PARA FORNISORES.;8965;140
2006298;CABLE: VN2000 1· 50.00MM2 V/AM;6596;399
2006758;lamapra 24v. 60w;2760;424
2007003;DIODO PUENTE: RECTIFICADOR 1A -1000V MONTAJE SUPERFICIAL;5356;40
2007019;TOMA: CTE HEMBRA EXT.3PT 16A - PKF16W434;5083;138
2007020;TOMA CORRIENTE: 32A HEMBRA - P/EMBUTIR 3P + T                 PKY32F434;1033;318
2007021;TOMA CORRIENTE: 32A MACHO   -  VOLANTE 3P + T                    PKX32M434;7434;184
2007022;TOMA CORRIENTE: 32A HEMBRA - VOLANTE 3P + T                     PKY32M434;1795;451
2007027;TOMA: CTE MACHO VLT 3P T 16A PKX16M434;5893;304
2007030;FUSIBLE VIDRIO: 6 X 32 MM  4.00 A;2060;207
2007035;TOMA CORRIENTE: 16A MACHO   - VOLANTE 2P + T                     PKX16M423 ;1736;266
2007051;TOMA: CTE MACHO VOLT.3P-T-16A;8254;300
2007967;INTERRUPTOR TERMOMAGNETICO: 1 X   2A C60;1811;192
2008024;TOMA CORRIENTE: 16A HEMBRA - P/EMBUTIR 2P + T                PKY16F423;981;239
2008378;BORNERA: 6 BORNES MOTOR MTA;918;160
2008793;PRECINTO: 100 X 2,5 MM ALT.1 ;8277;204
2008815;CABLE: VN2000 1·  1.00MM2 NEGR;2303;256
2008858;CABLE: TPR  4 X  1.00 MM2;8091;86
2008866;CABLE: VN2000 1·  6.00MM2 NEGR;4027;40
2008904;CABLE: TPR  2 X  1.50 MM2;9711;52
2008920;CABLE: TPR  3 X  1.00 MM2;1461;472
2008939;CABLE: TPR  3 X  1.50 MM2;1702;175
2008947;CABLE: TPR  4 X  1.50 MM2;2076;472
2009048;PRECINTO: 200 X 4,8 MM ALT.3;2014;471
2009056;PRECINTO: 300 X 7,6 MM ALT 6;8262;405
2009064;PRECINTO: 250 X 4,8 MM ALT.4;1613;28
2009154;ASPA PLASTICA PARA VENTILADOR DE MOTOR ELECTRICO: Ø 137, Ø EJE 17;3953;357
2009528;RESISTENCIA:   47.0 K-OHMS;2279;176
2009986;PORTALAMPARA: E 27 DE PORCELANA.;4748;377
2010046;CABLE: TPR  4 X  2.50 MM2;8101;40
2010062;CABLE: TPR  3 X  2.50 MM2;1699;120
2010143;CABLE: SINTENAX  4 X   4.00MM2;2300;353
2010198;PLC: FUENTE SITOP  2A. SIEMENS 6ES7 307-1BA01-0AA0;3976;110
2010240;CABLE: SINTENAX  4 X   2.50 MM2;7940;316
2010879;CAMBRE: ADAPTADOR P/RIEL  6990;9212;98
2011109;FORZADOR DE AIRE:  24 VCC 92 X 92 X 25 MM;8485;359
2011133;CABLE: VN2000 1·  1.00MM2 ROJO;7588;342
2011168;CABLE: VN2000 1·  1.00 MM².  BLANCO;1866;262
2011347;GUARDAMOTOR:  20,00 -  25,00 A S0 SIRIUS;6008;405
2011352;BATERIA:  9.0V;9460;292
2011506;ASPA PLASTICA PARA VENTILADOR DE MOTOR ELECTRICO: Ø 120, Ø EJE 14;1740;229
2011603;RESISTENCIA:   68.0 K- OHMS   ½W;2711;393
2012165;FUSIBLE VIDRIO: 6 X 30 MM  1.00 A;4841;207
2012167;FUSIBLE VIDRIO: 6 X 30 MM  4.00 A;7761;289
2012180;FUSIBLE: CARTUCHO 10 X 38 MM -  8 AMP;9726;406
2012448;TOMA: BIPOLAR MULTIPLE (ZAPATILLA);4814;368
2013053;CAJA ESTANCA: 162 X 285 X 100 MM - IP65;4660;325
2013126;PUENTE RECTIFICADOR PF 60 ...;6960;368
2013363;CAMBRE: TOMA 220V 10A C/PT BLANCO 6904;8634;256
2014289;PVC ELECTRICIDAD: CAJA 100 X  50 MM;1252;462
2014754;PLS: PULSADOR DE EMERGENCIA C/LLAVE -XB4-BS9445;9200;399
2014789;TABLERO: P/TOMA INDUST.1T MINI;4620;80
2015000;PVC ELECTRICIDAD: TAPA PARA CAJA OCTOGONAL 80 MM;4643;411
2015346;BORNERA: SYBYD 1002  5.5MM2 30A;1304;138
2015354;PVC ELECTRICIDAD: CAÑO Ø 20MM X 3M;9357;313
2015397;PVC ELECTRICIDAD: CURVA Ø 20MM;1072;424
2015413;PVC ELECTRICIDAD: GRAMPA PARA CAÑO Ø 20MM;1620;48
2015897;TERMOCONTRAIBLE:  Ø 6,0 MM;4259;390
2015898;TERMOCONTRAIBLE: 5 MM;2148;457
2016729;INTERRUPTOR TERMOMAGNETICO: 2 X  10A C60N;6911;262
2017165;CARBON:  4 X 5 X 17 MM;5163;46
2017644;RELE: ZOCALO 4 CONTACTOS -7A - AEA;566;190
2017970;LAMPARA: LED 220V E40 60W 6500K;2979;449
2018045;TERMISTOR: NIC;4721;407
2018071;CARGADOR PARA TELEFONO -CELULAR-;2917;458
2019992;MICRO: SEGURIDAD CLAVIJA GRAND;3682;311
2020296;VARISTOR: 40V 14N680K-S14K40;9291;64
2020397;TERMOCONTRAIBLE:  Ø 3,0 - 1,5 MM;2337;369
2020398;TERMOCONTRAIBLE: 0.5 MM;9034;307
2021116;CONTACTOR:   24VCC, 7.5KW,S0      3RT20 25-1NB30  ;191;423
2022165;TAPA: PLASTICA 100 X 100 MM..;468;18
2022479;CAPACITOR: ELECTROLITICO   35.00 µF 400V ;7188;52
2022496;F: CUTTER TIPO MANOPLA DE 8MM;749;326
2022614;TERMOCONTRAIBLE:  9 MM;3299;448
2022630;TERMOCONTRAIBLE: 19 MM;8769;390
2022818;CABLE: TPR  2 X  1.00 MM2;3340;414
2023757;PLC: FUENTE SITOP  5A. SIEMENS 6EP1 333-2BA00;3489;443
2024001;TERMINAL: CABLEADO  2.50 MM2;413;167
2024223;OPTOACOPLADOR: PC817;7344;358
2024417;BORNERA: PUENTE FIJO P/BP 4;3284;464
2024696;TERMINAL: CABLEADO  0.75 MM2;8939;313
2024704;TERMINAL: CABLEADO  1.00 MM2;8063;280
2024712;TERMINAL: CABLEADO  1,50 MM2;4844;300
2024880;SWITCH: BLOQUEO PUERTA;8247;246
2025042;INTERRUPTOR TERMOMAGNETICO: 2 X   2A C60C;9025;174
2025313;FICHA: TOMACORRIENTE 2 POLOS + PUESTA TIERRA 220V 10A MACHO PUNTAS PLANAS;582;86
2025526;INTERRUPTOR TERMOMAGNETICO: 2 X   6A P60 - K 60;6833;285
2025702;BORNERA: SYBYD 1011  3.5MM2 20A;1917;320
2027582;PORTALAMPARA: TUERCA 3/8 PARA PORTALAMPARA E27;5195;138
2027616;BORNERA: BP-2,5 750V 2,5MM2;6527;238
2027632;BORNERA: BP-4 750V 4MM2;5953;265
2027675;PRECINTO: 300 X 4,7 MM ALT.5;2899;14
2027683;PRECINTO: 150 X 3,6 MM ALT.2;4332;63
2027718;INTERRUPTOR TERMOMAGNETICO: 4 X  25A C60N;5681;288
2028241;RESISTENCIA:    6.8 K- OHMS   ¼W 5%;7898;441
2028920;HERRAMIENTA: LINTERNA PERSONAL AA;568;124
2028995;CAMBRE: TAPA 1 MODULO 1PUNTO+ TOMA TIERRA  4136;3485;447
2029758;FORZADOR DE AIRE: 220 VAC 119 X 119 X 39;2075;434
2029935;PROTTI: SERVOMOTOR 2000RPM;9740;30
2029950;BORNERA: BP-4 AZUL 750V 4MM2;2087;371
2029969;BORNERA: BP-4 ROJO 750V 4MM2;2668;425
2030257;CABLECANAL: PERISCOPIO UNIVERS;1716;399
2030418;BORNERA: SYBYD 1001  2.5MM2 10A;5204;166
2030536;CONTACTOR:   24VAC,    5.5KW, S0    3RT10 25-1AB00;9585;243
2030544;CONTACTOR:   24VAC,    7.5KW, S0    3RT10 25-1AB00;9525;410
2030688;INTERRUPTOR DIFERENCIAL: 2 X  25A 30MA;2666;115
2030772;CONVERTIDOR DE FRECUENCIA: ALTIVAR 320  7.5KW - 10HP - 380/500V. MODELO ATV320U75N4B;9565;315
2030800;BATERIA: 6V 4,5 AH C/GEL;8833;298
2030880;FORZADOR DE AIRE: 220 VAC 119 X 119 X 38;307;479
2031176;CARBON:   6.0 X   8.0 X 20 MM 1CTA (MM6);8689;165
2031999;CAPACITOR: ARRANQUE 16 µF 450V;5775;87
2033671;INTERRUPTOR TERMOMAGNETICO: 2 X  10A P60 - K 60;5695;138
2034643;HER: CUTTER HOJA 18MM;4625;259
2034644;HERRAMIENTA: CUTTER HOJA 9MM;1008;452
2034850;FORZADOR DE AIRE:  24 VCC 119 X 119 X 38 MM C/ RULEMANES;8009;205
2035244;LAMPARA: FLUORESCENTE  36W-LUZ DIA-;963;255
2035362;PILA: ALCALINA TAMAÑO  AAA 1.5V;7604;365
2036726;RESISTENCIA:    4.7 K- OHMS   ¼W 5%;9587;346
2036844;CAMBRE: TAPA 4 MODULOS    4134;3320;459
2036941;CAPACITOR: ELECTROLITICO  220.00 µF  16V;7603;53
2038224;CUPLA 1/4;2937;36
2038595;TRANSFORMADOR: 220V - 24 V (P/TIRA LED);625;99
2038596;FUENTE DE ALIMENTACION: 220V A 24V-5 AMP.(PARA MAQUINAS CIRCULARES-TEJEDURIA);1252;377
2038638;VENTILADOR: PARED INDUSTRIAL 26;5788;248
2100010;ADHESIVO: DE CONTACTO X   25 GRMS - POXIRAM;2378;360
2100020;ESPEJO: METALICO DENTAL;3782;152
2100021;ESPEJO: MANGO INOXIDABLE PARA ESPEJO;945;222
2100029;ADHESIVO: INSTANTANEO X  2 ML - LA GOTITA - PEGAMIL-;9896;75
2100037;ADHESIVO: MASILLA EPOXI - POXILINA ;9214;182
2100045;ADHESIVO: DOS COMPONENTES - POXIPOL-PEGAMIL- ETC.;4639;112
2100053;F: PINCEL 1        PULGADA N.10;9053;36
2100061;F: PINCEL 1 1/2 PULGADA N.15;6076;35
2100063;ADHESIVO: ADHESIVO VINICOLA (PARA MADERA);8432;481
2100096;DECAPANTE: P/SOLDAR ESTAÑO - PASTA PARA ESTAÑAR;504;210
2100114;GANCHO: TENSOR P/ALAMBRE5/16X7;4269;137
2100118;F: HOJA SIERRA Z 24;1834;331
2100134;F: HOJA SIERRA Z 18;4951;374
2100150;F: CANDADO 40 MM;2044;262
2100169;PILA: ALCALINA TAMAÑO AA 1.5V;6339;184
2100170;BISAGRA: PARA MUEBLE;6683;384
2100215;F: TELA ESMERIL 120 MEDIA;7679;302
2100221;BURLETE: RECTANGULAR GOMA ESPONJA 5 X 10 MM;3017;208
2100223;F: TELA ESMERIL 180 FINA;9906;190
2100229;RESORTE: TRACCION 1.5 X  8 MM;134;170
2100230;RESORTE: TRACCION 1.0 X 12 MM;399;456
2100242;F: RODILLO PARA EPOXI 170 MM;2313;298
2100243;F: RODILLO PARA  SINTETICO  50MM;2299;142
2100244;F: RODILLO PARA  SINTETICO  80 MM;4750;69
2100266;F: PENETRIL LUBRICANTE MULTIUSO-WD40-WD80;7842;405
2100282;F: TACO S 06 FISCHER;2113;295
2100290;F: TACO S 08 FISCHER;1383;21
2100304;F: TACO S 10 FISCHER;5561;31
2100327;NEUMATICA: BOBINA MAGNETICA 24V 50/60 HZ 3,5 VA 12V DC 3,1 W CAMOZZI;4613;237
2100436;ADHESIVO: DE CONTACTO X  450 GRMS - POXIRAM;7762;125
2100461;NEUMATICA: ELECTROVALVULA MFH-3/2-1/4-NC - CAMOZZI 334-015-02;8934;81
2100487;F: CINTA TEFLON 19MM SELLAROSC;314;379
2100495;F: CINTA AISLADORA;7901;129
2100496;F: CINTA AISLADORA- VERDE Y AMARILLA;4924;465
2100533;BULON: CILINDRICO ALLEN  5 X  30 MM;214;166
2100547;NEUMATICA: CONECTOR RAPIDO  T  H-H-H PARA TUBO DE Ø 08 MM;3469;403
2100584;BULON: CILINDRICO ALLEN  6 X  30 MM;3859;421
2100599;NEUMATICA: CONECTOR RAPIDO RECTO H-H PARA TUBO Ø 08 MM - CAMOZZI: 6280-8 FESTO:QS8;9603;126
2100615;NEUMATICA: REGULADOR GRLA 1/4 - 6 - CAMOZZI PSCU 606 1/4-6;6055;324
2100622;BULON: CILINDRICO ALLEN  8 X  20 MM;1303;285
2100623;NEUMATICA: REGULADOR GRLS 1/4 - 8 - CAMOZZI 606 PSCU 1/4-8;8783;6
2100626;NEUMATICA: PISTOLA CON PICO LARGO DE 150MM PARA AIRE COMPRIMIDO ;3312;134
2100630;BULON: CILINDRICO ALLEN  8 X  30 MM;9746;53
2100657;BULON: CILINDRICO ALLEN  8 X  50 MM;929;78
2100681;BULON: CILINDRICO ALLEN 10 X  30 MM;6084;338
2100709;FESTO: MANOMETRO MA 40-10-1/8;6032;200
2100734;NEUMATICA: CONECTOR RAPIDO RECTO M-M REDUCCION PARA TUBO Ø 16MM A 12MM;4602;115
2100742;NEUMATICA: PISTOLA SOPLADOR DE AIRE LPS-1/4-D;6377;174
2100756;NEUMATICA: VALVULA CIERRE HE2, PARA TUBO Ø 12 MM, HE-2-QS-12, FESTO;7542;165
2100762;BULON: HEXAG M   5 X  20;166;8
2100763;NEUMATICA: VALVULA CIERRE HE2, PARA TUBO Ø 10 MM, HE-2-QS-10, FESTO ;3124;269
2100764;NEUMATICA: CONECTOR RAPIDO RECTO M-M REDUCCION PARA TUBO Ø 12MM - 08 MM;646;221
2100770;BULON: HEXAG M 5 X 30 MM;8567;451
2100800;BULON: HEXAG M   5 X  50;4373;240
2100810;VALVULA ANTIRRETORNO HGL-1/4-B;2649;240
2100814;NEUMATICA: CONECTOR RAPIDO  Y   M-H PARA TUBO DE Ø12 MM;255;468
2100816;"NEUMATICA: CONECTOR RAPIDO ROSCADO RECTO H PARA TUBO Ø 04 MM - ROSCA 1/8""";5896;484
2100835;BULON: HEXAGONAL M   6 X 40 MM ;3425;214
2100843;BULON: HEXAG M   6 X  50;1436;5
2100850;NEUMATICA: BOBINA MSFW-24AC - CAMOZZI G73 SOLENOIDE;7211;333
2100851;BULON: HEXAG M 8 X  10 MM ;1820;303
2100857;NEUMATICA: REGULADOR DE PRESION 0 - 4 BAR 1/4 (MC-1-04-R-1-0  /  M004.R10);1908;69
2100861;CAMOZZI: SENSOR MAGNETICO DE PROXIMIDAD Reed 50mA  2 Hilos CSB-D-220;2118;491
2100866;NEUMATICA: TAPON ROSCADO 1/2 (2611 1/2);4485;342
2100875;"NEUMATICA: DISTRIBUIDOR 4 VIAS X 1/2"" MODELO 3033 - 1/2 (CAMOZZI)";9056;386
2100879;"NEUMATICA: CONECTOR RECTO ROSCADO PARA TUBO DE Ø08 - ROSCA 3/8"" METALICO (CAMOZZI)";4826;331
2100882;"NEUMATICA: MANOMETRO 0 - 07 BAR 1/8"" (CAMOZZI)";8403;145
2100894;BULON: CILINDRICO ALLEN  8 X  40 MM;4282;468
2100916;BULON: HEXAG M10 X  70 MM;8736;29
2100959;BULON: HEXAG M12 X  20 MM;5928;111
2100975;BULON: HEXAG M12 X  40 MM;8081;350
2100983;TUERCA: HEX M 05;1545;310
2100991;TUERCA: HEX M 06;4084;142
2101000;CHAVETA: ACERO SAE    4 X   4 X  10;9964;484
2101003;CHAVETA: ACERO SAE    4 X   4 X  16;549;75
2101009;TUERCA: HEX M 08;3403;273
2101017;TUERCA: HEX M 10;5357;468
2101020;CHAVETA: ACERO SAE    8 X   7 X  63;6661;492
2101023;CHAVETA: ACERO SAE   10 X   8 X  25;8188;413
2101025;TUERCA: HEX M 12;9218;163
2101028;CHAVETA: ACERO SAE   12 X   8 X  50;9122;84
2101033;ARANDELA: PLANA   5 MM;1558;269
2101041;ARANDELA: PLANA   6 MM;7470;396
2101049;NEUMATICA: CONECTOR RAPIDO  Y  REDUC. H-H PARA TUBO Ø 08 A 06 MM;17;113
2101057;FESTO: CONEC  Y  QSY-06;2673;377
2101065;NEUMATICA: CONECTOR RAPIDO RECTO H-H PARA TUBO Ø 06 MM - CAMOZZI:6580-6 FESTO:QS6 ;7459;112
2101066;"TORNILLO: AUTOPERFORANTE HEXAGONAL CON ARANDELA T2 14 X 1""         (6.3 X 25 MM)";6748;455
2101067;BULON: HEXAG M20 X  40 X 2.5 MM;8459;204
2101068;ARANDELA: PLANA   8 MM;4191;169
2101071;ARANDELA PLANA BICELADA: Ø  5MM;1092;104
2101073;NEUMATICA: CONECTOR RAPIDO RECTO H-H PARA TUBO Ø 04 MM;8010;364
2101076;ARANDELA: PLANA  10 MM;5089;391
2101083;"TORNILLO: AGUJA CABEZA TANQUE - ARANDELA T1 8 X 1"" ZINCADO";2615;352
2101084;ARANDELA: PLANA  12 MM;7719;279
2101092;ARANDELA GROWER:  5 MM .......;4639;371
2101095;"TORNILLO: AUTOPERFORANTE CABEZA FIJADORA PUNTA MECHA T1  8 X 1 ""        (4.2 X 25 MM) ZINCADO";8651;295
2101096;"TORNILLO: AUTOPERFORANTE CABEZA FIJADORA PUNTA MECHA T1  8 X  3/4""    (4.2 X 19 MM) ZINCADO";529;72
2101100;PRISIONERO:  M  6 X 25;8066;91
2101101;BULON: HEXAG M10 X  80 MM;3726;286
2101106;ARANDELA GROWER:  6 MM .......;5500;112
2101110;"TORNILLO: AUTOPERFORANTE HEXAGONAL SIN ARANDELA T1 12 X 1"" (4.8 X 25 MM)";240;12
2101114;ARANDELA GROWER:  8 MM .......;3092;397
2101130;ARANDELA GROWER: 12 MM .......;4052;316
2101141;BULON: CILINDRICO ALLEN  5 X  15 MM;7853;179
2101145;BULON: ALLEN FREZ M  6 X  15 MM;3421;387
2101153;"TORNILLO: PHILLIPS FREZADO 4.5 MM X 1 1/2"" PARA MADERA";8836;168
2101154;"TORNILLO: PHILLIPS FREZADO 4.5 MM X 2""    PARA MADERA";1713;476
2101157;TORNILLO: RANURADO FREZADO 4 X 10 MM;5547;247
2101158;TORNILLO: ALLEN FREZADO 5 X 10 MM;5763;276
2101159;TORNILLO: PHILLIPS FREZADO 5 X 50 MM PARA MADERA;4698;413
2101161;"F: TIRAFONFO 1/4"" X 3-1/4"" PARA TACO DE 1OMM";6824;339
2101163;"TORNILLO: T2 6 X 1"" PUNTA AGUJA PARA DURLOCK";3331;113
2101165;BULON: CABEZA BOTON 6 X 10 MM;1554;335
2101178;"TORNILLO: AUTOPERFORANTE CABEZA FIJADORA PUNTA MECHA T1  6 X  1/2""    (3.5 X 13 MM) ZINCADO";8142;212
2101185;"TORNILLO: CABEZA TANQUE ARANDELA PUNTA AGUJA T1 8 X  1/2""   (4.2 X 13)";7891;111
2101193;BULON: CILINDRICO ALLEN  4 X  12 MM;7009;286
2101197;"BULON: ALLEN CILINDRICO 5/32"" X 1/2""";1916;388
2101200;PRISIONERO:  M  5 X 20;2321;208
2101406;HERRAMIENTA: PINZA PUNTIAGUDA CURVA;9024;263
2101472;HERRAMIENTA: PISTOLA PARA APLICAR SELLADORES X 300 CC;9971;274
2101489;CINTA: REVESTIMIENTO CR V24 TETONES;4978;65
2101491;ARANDELA: PLANA  16 MM;1245;170
2101580;BULON: CABEZA BOTON ALLEN 6 X 10;4951;338
2101595;NEUMATICA: CONECTOR RAPIDO ROSCADO RECTO H PARA TUBO Ø 08 MM - ROSCA 1/8;3269;260
2101742;F: CLAVO 1;4561;314
2101748;"NEUMATICA: CONECTOR RAPIDO ROSCADO CODO 90º H PARA TUBO Ø 10 MM - ROSCA  1/4""";3743;260
2101902;"F: TIRAFONDO 3/16X2 1/4"" PARA TACOS DE 8 MM";9683;315
2101904;F: REMACHE POP 3.5 X 10;1172;5
2101910;"F: TIRAFONDO 1/4""  X 2 1/2""  - PARA TACOS DE 10 MM";6996;196
2101912;F: REMACHE POP 3.5 X 12;2011;396
2101922;NEUMATICA: FILTRO REGULADOR DE PRESION 3/8 (CAMOZZI MD1-FR0000-3/8);1576;406
2101924;NEUMATICA: FILTRO REGLADOR 1/4 - CAMOZZI-MD1-FR0000A04-1/4;330;175
2101927;NEUMATICA: CONECTOR RAPIDO  Y  H-H-H PARA TUBO DE Ø 10 MM - CAMOZZI-7560-10;6;296
2101931;NEUMATICA: CONECTOR ROSCADO - ESPIGA 09-1/4 - COD: CAMOZZI 2601-9-1/4;4572;448
2101935;NEUMATICA: REGULADOR GRLA 1/8 - 6 - CAMOZZI PSCU 604-1/8-6;9181;160
2101939;F: REMACHE POP 3.5 X 16;2212;121
2101955;F: REMACHE POP 4.8 X 10 3/16X3/8;829;54
2101971;F: REMACHE POP 4.0 X 16;7238;79
2101977;ANILLO ELASTICO DE SEGURIDAD PARA EJE Ø  18 MM - DIN 471;4708;288
2102003;"NEUMATICA: CONECTOR RAPIDO ROSCADO RECTO H PARA TUBO Ø 06 MM - ROSCA  1/8"" ";1930;207
2102013;F: REMACHE POP 5 X 12 MM;5881;134
2102048;F: REMACHE POP 5 X 16 MM;6923;464
2102070;NEUMATICA: CONECTOR RAPIDO  T  H-H-H PARA TUBO DE Ø 06 MM;6665;483
2102072;F: REMACHE ALU 3.0 X 8;4985;68
2102099;A.I: CUPLA    1/4;8528;201
2102224;F: TELA ESMERIL 80;296;171
2102234;HG: NIPLE    1/2 X  50MM;8279;15
2102269;ARANDELA: PLANA   3 MM;790;136
2102285;HG: NIPLE    3/4 X 100MM;517;158
2102471;"HG: TAPON 3/4""";3003;420
2102516;"NEUMATICA: CONECTOR RAPIDO ROSCADO RECTO H PARA TUBO Ø 06 MM - ROSCA H  1/4"" ";6440;375
2102609;"HG: CODO 90º M-H   3/4""";4362;69
2102684;HG: REDUCCION  1     A   1/2;3429;102
2102694;PP: TUBO H3 AZUL    2 1/2  X 6 M;7271;162
2102707;RETEN:  25.00  47.00  07.00;6540;279
2102737;BULON: HEXAG M 8 X 100 MM;7585;29
2102778;RETEN: NITRILO  40.00  58.00  10.00 MM;9731;177
2102919;PRISIONERO:  M 10 X 12;6557;258
2102935;ESPIGA:  6 X 20 MM;8941;62
2102943;ESPIGA:  6 X 25 MM;273;470
2102978;ESPIGA: ELASTICA  6 X  40 MM;870;239
2102980;ESPIGA: ELASTICA  6 X  50 MM;8730;139
2103061;NEUMATICA: CONECTOR RAPIDO RECTO REDUC. H-H PARA TUBO Ø 12 A 10 MM;7065;4
2103065;NEUMATICA: TUBO POLIURETANO AZUL Ø  6 X 1,0 MM;3473;317
2103112;NEUMATICA: CONECTOR RAPIDO RECTO REDUC. H-H PARA TUBO Ø 10 A 08 MM;1454;254
2103117;F: TORNILLO P/TACO 8 MM P/DEST. PHILLIPS 4.5 X 35;2352;266
2103126;F: TORNILLO P/TACO 8 MM P/DEST. PHILLIPS 4.5 X 40;8566;130
2103133;F: TORNILLO P/TACO 5 MM P/DEST. PHILLIPS 3.5 X 25;6987;460
2103139;NEUMATICA: CONECTOR RAPIDO  Y  REDUC. H-H PARA TUBO Ø 10 A 08 MM;225;34
2103195;NEUMATICA: VALVULA CIERRE HE3, PARA TUBO Ø 10 MM, HE-3-QS-10, FESTO 153477;1213;44
2103203;NEUMATICA: VALVULA CIERRE HE3, PARA TUBO Ø 12 MM, HE-3-QS-12, FESTO 153478;2139;149
2103230;F: TIRAF.P/TACO  6  MM-9/64X1 1/4;7643;490
2103262;NEUMATICA: TUBO POLIURETANO AZUL Ø 16 X 2,5 MM;7328;237
2103273;CADENA A RODILLO:  SIMPLE 08 B-1;6479;309
2103336;FESTO: ELECTROV. MDH-3/2-24DC;9928;2
2103417;NEUMATICA: CONECTOR RAPIDO RECTO REDUC. H-H PARA TUBO Ø 10 A 06 MM;6744;0
2103439;NEUMATICA: CONECTOR RAPIDO RECTO M-M PARA TUBO Ø 06;6995;252
2103471;NEUMATICA: CONECTOR RAPIDO RECTO M-M PARA TUBO Ø 16 MM;2676;139
2103494;NEUMATICA: ENTRE ROSCA DE 1/4 (CAMOZZI);5468;387
2103498;NEUMATICA: CONECTOR RAPIDO RECTO M-M REDUCCION PARA TUBO Ø 12MM A 10MM;2821;3
2103557;BULON: ALLEN FREZ M  4 X  10 MM;4032;392
2103590;HIERRO: TRAFILADO 1050 Ø 8MM X 6 MTRS.;5159;11
2103818;ARANDELA GROWER: 10 MM .......;4811;117
2103826;ADHESIVO: SELLADOR DE SILICONA TRANSPARENTE X 100 GRMS - FASTIX;9477;366
2104087;ADHESIVO: SILOC -FORMA JUNTAS 8600 X 30 G;4977;263
2104091;TRABASIL: FIJADOR ROSCA RM1 - 250 GRS;8329;86
2104113;TRABASIL: ENGRANAJES VA2 - 250 GRS;9795;174
2104155;A.I. BULON HEXAGONAL M 03 X 15;8274;217
2104172;HILO NYLON PARA COSER PELOTAS DE FUTBOL;6774;343
2104210;PINTURA: LATEX INTERIOR GRIS CEMENTO;1547;424
2104229;PINTURA: LATEX PARA EXTERIOR BLANCO ;1378;260
2104306;F: HOJA 9MM P/CUTTER TIPO MANOPLA;4845;69
2104351;"TORNILLO: AUTOPERFORANTE CABEZA FIJADORA PUNTA MECHA T1  8 X  5/8""    (4.2 X 16 MM) ZINCADO";9986;443
2104377;PINTURA: DEMARCACION AMARILLO;7078;359
2104382;PINTURA: EPOXI PARA PISOS - AMARILLO( + ENDURECEDOR);509;70
2104407;F: LIJA AGUA 180;8594;41
2104408;F: LIJA AL AGUA 240;1712;421
2104413;NEUMATICA: ELECTROVALVULA MFH-3/2-1/8-NC - CAMOZZI 338-015-02;530;128
2104415;F: LIJA AGUA 60;7569;200
2104426;"NEUMATICA: CONECTOR RAPIDO ROSCADO RECTO H PARA TUBO Ø 16 MM - ROSCA  1/2"" ";4577;229
2104434;NEUMATICA: CONECTOR RAPIDO RECTO REDUC. H-H PARA TUBO Ø 06 A 04 MM;4858;389
2104474;F: CANDADO 30 MM;3216;293
2104477;NEUMATICA: CONECTOR RAPIDO  T  REDUC. H-H PARA TUBO Ø 08 A 06 MM;3437;37
2104482;ADHESIVO: SELLAROSCAS VERDE HIDRO 3;5456;424
2104568;ABRAZADERA      8 -  16 MM;3447;192
2104636;F: ENDUIDO PLASTICO X 1 KGS;3864;420
2104696;HERRAMIENTA: CINTA METRICA 2 M;9600;369
2104709;CERRADURA: TIPO PRIVEE N.200;4621;197
2104712;CERRADURA: PARA ESCRITORIO(PEQUEÑA);5028;249
2104733;F: LIJA AGUA MEDIANA;6429;100
2104778;BULON: HEXAG M 8 X  80 MM;586;230
2104790;FESTO: CONEC PASAMURO QSS-12;9527;89
2104807;PRISIONERO:  M  5 X 20;6579;388
2104809;NEUMATICA: CONECTOR PASAMURO PARA TUBO DE Ø 08 MM - CAMOZZI:6590-8 FESTO:QSS-08;8802;49
2104857;PINTURA: ESMALTE NEGRO ;5124;188
2104863;"CONECTOR: ROSCA H 1/4"" ESPIGA 8 MM";4125;179
2104881;VARILLA: ROSCADA M  5;1903;152
2104910;BURLETE AUTOADHESIVO: GOMA ESPUMA 10 X 10 X 5M;8456;186
2104911;TUERCA: HEX. AUTOFREN. M 08;8690;88
2104915;BURLETE: AUTOADHESIVO DE GOMA ESPUMA 10 X 15 MM X 5MTS;7099;346
2104919;CINTA: PAPEL 18 MM X 40 - 50 MTRS - PARA PINTOR;8410;472
2104920;CINTA: PAPEL 48 MM X 50 MTRS - PARA PINTOR;5496;52
2105009;HERRAMIENTA: MORSA PLANA GIRATORIA N.2;1293;373
2105012;F: CANDADO 50 MM;9294;411
2105039;F: RODILLO PARA LATEX 220 MM;7102;309
2105152;ADHESIVO: SELLADOR SILICONA ALTA TEMPERATURA. 100GR;1682;365
2105187;F: TACO S 12 FISCHER;2079;424
2105275;HILO: POLIEST 42/2 X 5000 BLANCO ;4344;80
2105403;PINTURA: LATEX ROJO TEJA;1228;37
2105456;HERRAMIENTA: PUNTA PHILIPS ;2983;340
2105464;"HERRAMIENTA: PUNTA ENCASTRE 1/4"" PH02";2985;441
2105536;NEUMATICA: VALVULA DE ESTRANGULACION Y ANTIRRETORNO GRLA-M5-QS-4RS-D - FESTO 197577;8258;17
2105594;A.I. BULON HEX M 08 X 65;6033;41
2105722;BULON: FRES. ALLEN 6 X 40 MM;2422;153
2105799;TORNILLO: PHILLIPS 4 X 40 MM;7629;285
2105853;"F: TIRAFONDO 1/4""  X 2 1/4""  - PARA TACOS DE 10 MM";2084;334
2105941;ADHESIVO: SELLADOR DE SILICONA ALTA TEMPERATURA X 300 GRMS - FASTIX;9492;73
2105999;ARANDELA COMPENSACION ONDULADA:  33,50 -  25,40 -   0,3 MM - COD: C25-E ;1478;144
2106255;"NEUMATICA: ACOPLE - ENCHUFE RAPIDO HEMBRA CON ROSCA MACHO 1/2"" - CAM0ZZI 5081 1/2";6171;141
2106257;CAMOZZI: ENCHUFE RAPIDO RACOR 5086 09;3175;483
2106258;"NEUMATICA: ENCHUFE RAPIDO RACOR 5180 1/4""";7250;449
2106259;CAMOZZI: ENCHUFE RAPIDO RACOR 5680 09;6741;5
2106260;"NEUMATICA: ACOPLE - ENCHUFE RAPIDO HEMBRA CON ROSCA MACHO 1/4"" - CAMOZZI 5082 - 1/4";783;316
2106295;"NEUMATICA: CONECTOR RAPIDO ROSCADO RECTO H PARA TUBO Ø 06 MM - ROSCA  3/8""  - FESTO QS-3/8-6, 190645";5804;259
2106310;HERRAMIENTA: CINTA METRICA  3 MTS;201;356
2106346;FESTO: ELECTROV.CPE18-M1H5L1/4;2671;53
2106456;A.I. BULON HEXAGONAL M 14 X  50;9504;493
2106590;MECHA DE ACERO RAPIDO: Ø 10.50 MM;4761;410
2106620;MECHA DE ACERO RAPIDO: Ø  9.50 MM;598;372
2106663;MECHA DE ACERO RAPIDO: Ø  8.50 MM;3117;160
2106671;MECHA DE ACERO RAPIDO: Ø  8.25 MM;3379;376
2106698;MECHA DE ACERO RAPIDO: Ø  8.00 MM;8056;477
2106701;MECHA DE ACERO RAPIDO: Ø  7.75 MM;1705;78
2106728;MECHA DE ACERO RAPIDO: Ø  7.50 MM;2999;137
2106736;MECHA DE ACERO RAPIDO: Ø  7.25 MM;6138;307
2106744;MECHA DE ACERO RAPIDO: Ø  7.00 MM;3402;226
2106752;MECHA DE ACERO RAPIDO: Ø  6.75 MM;5722;317
2106760;MECHA DE ACERO RAPIDO: Ø  6.25 MM;6669;393
2106779;MECHA DE ACERO RAPIDO: Ø  5.75 MM;2478;152
2106817;MECHA DE ACERO RAPIDO: Ø  4.25 MM;1417;170
2106825;MECHA DE ACERO RAPIDO: Ø  3.25 MM;844;427
2106868;"F: TIJERA TIPO SASTRE 8""";9290;496
2106892;BULON: CILINDRICO ALLEN  6 X  45 MM;4779;106
2106906;BULON: HEXAG M12 X 100 MM;6972;18
2106909;RETEN: NITRILO  17.00  40.00   08.50 MM;2323;156
2106957;MANGUERA DE ALTA PRESIÓN 8 MM ROJA;2902;333
2107005;ANILLO ELASTICO DE SEGURIDAD: DIN 6799 PARA EJE Ø  8 MM;5329;318
2107115;NEUMATICA: CONECTOR RAPIDO RECTO H-H PARA TUBO Ø 10 MM - CAMOZZI:6580-10 FESTO:QS10;371;482
2107521;F: HOJA SIERRA Z 32;4244;415
2107562;MECHA DE ACERO RAPIDO: Ø  2.25 MM;386;38
2107570;MECHA DE ACERO RAPIDO: Ø  2.50 MM;1554;274
2107589;MECHA DE ACERO RAPIDO: Ø  2.75 MM;5221;259
2107597;MECHA DE ACERO RAPIDO: Ø  3.00 MM;7943;429
2107600;MECHA DE ACERO RAPIDO: Ø  3.50 MM;8710;91
2107612;FESTO: CONEC  Y  QSY-10;3119;274
2107620;FESTO: CONEC  Y  QSY-12;8355;198
2107663;NEUMATICA: CONECTOR RAPIDO RECTO H-H PARA TUBO Ø 12 MM;8498;93
2107706;NEUMATICA: CONECTOR RAPIDO  L  90º H-H PARA TUBO Ø  8 MM;2269;407
2107749;NEUMATICA: CONECTOR RAPIDO  T  H-H-H PARA TUBO DE Ø 10 MM;9561;470
2107757;NEUMATICA: CONECTOR RAPIDO  T  H-H-H PARA TUBO DE Ø 16 MM;9336;48
2107773;NEUMATICA: CONECTOR RAPIDO  T  REDUC. H-H PARA TUBO Ø 10 A 08 MM;2652;199
2107781;NEUMATICA: CONECTOR RAPIDO  T  REDUC. H-H PARA TUBO Ø 12 A 10 MM;2596;27
2107783;RETEN: NITRILO  40.00  52.00   07.00 MM;1973;127
2107808;FESTO: CONEC  X  QSX-08;8380;100
2107840;"NEUMATICA: CONECTOR RAPIDO ROSCADO RECTO H PARA TUBO Ø 10 MM - ROSCA  3/8"" ";97;387
2107859;"NEUMATICA: CONECTOR RAPIDO ROSCADO CODO 90º H PARA TUBO Ø 12 MM - ROSCA 1/4""";7525;298
2107867;NEUMATICA: VALVULA DE RETENCION - 4 MM - CAMOZZI 6580-4-VNR-S01;8896;363
2107875;"NEUMATICA: CONECTOR RAPIDO ROSCADO CODO 90º H PARA TUBO Ø 12 MM - ROSCA 3/8"" - CAMOZZI - 12-3/8";8861;318
2107883;"NEUMATICA: CONECTOR RAPIDO ROSCADO CODO 90º H PARA TUBO Ø 10 MM - ROSCA  1/2"" ";7926;348
2107884;"NEUMATICA: CONECTOR RAPIDO ROSCADO CODO 90º H PARA TUBO Ø 10 MM - ROSCA  3/8""";1326;43
2107891;"NEUMATICA: CONECTOR RAPIDO ROSCADO CODO 90º H PARA TUBO Ø 12 MM - ROSCA 1/2""";7004;380
2107926;NEUMATICA: CONECTOR RAPIDO RECTO REDUC. H-H PARA TUBO Ø 08 A 06 MM - CAMOZZI:6580 6-8 FESTO: QS8-6;6197;346
2107950;NEUMATICA: CONECTOR RAPIDO RECTO REDUC. M-H PARA TUBO Ø 10 A 08 MM - CAMOZZI:6800 8-10 FESTO: QS-10H-8;3737;286
2107969;NEUMATICA: CONECTOR RAPIDO RECTO REDUC. M-H PARA TUBO Ø 10 A 06 MM;4;370
2107977;NEUMATICA: CONECTOR RAPIDO RECTO REDUC. M-H PARA TUBO Ø 12 A 10 MM;9766;257
2108001;NEUMATICA: CONECTOR PASAMURO PARA TUBO DE Ø 06 MM - CAMOZZI:6590-6 FESTO:QSS-06;5429;350
2108038;"MAYER: PICO PARA PISTOLA (FESTO) ROSCA 1/4""   LPZ-RG150-B (COD. 565317)";348;12
2108087;NEUMATICA: CONECTOR RAPIDO RECTO REDUC. M-H PARA TUBO Ø 12 A 08 MM;8545;351
2108316;INSERTO: M 06 - 1.00 ;536;2
2108643;FESTO: PISTOLA P/AIRE LSP - 1/4 - C;6087;104
2108678;NEUMATICA: ACOPLAMIENTO RAPIDO MACHO CLAVIJA-ESPIGA PARA MANGUERA Ø 8 MM - FESTO KS4-N-9 2153;8661;12
2108803;CADENA A RODILLO:  SIMPLE UNION ESLABON 05 B-1;4711;208
2108805;CADENA A RODILLO:  SIMPLE UNION ESLABON 06 B-1;9366;441
2108831;CADENA A RODILLO:  SIMPLE UNION ESLABON 08 B-1;4122;474
2109042;"NEUMATICA: BUJE REDUCCION:   3/4""-    1/4""";109;439
2109069;"NEUMATICA: BUJE REDUCCION:   1/2""-    1/4""";7947;395
2109432;PVC SANITARIO: CUPLA LISA 50;4788;500
2109763;A.I. BULON HEXAGONAL M 14 X  40;8886;233
2109814;A.CA: CUPLA    3/8   SCH40;7515;10
2110024;MECHA DE ACERO RAPIDO: Ø  3.75 MM;3181;172
2110032;MECHA DE ACERO RAPIDO: Ø  4.00 MM;7831;78
2110040;MECHA DE ACERO RAPIDO: Ø  4.50 MM;5076;462
2110059;MECHA DE ACERO RAPIDO: Ø  4.75 MM;8141;294
2110067;MECHA DE ACERO RAPIDO: Ø  5.00 MM;3538;94
2110075;MECHA DE ACERO RAPIDO: Ø  5.25 MM;9285;434
2110083;MECHA DE ACERO RAPIDO: Ø  5.50 MM;8993;281
2110091;MECHA DE ACERO RAPIDO: Ø  6.00 MM;7437;226
2110105;MECHA DE ACERO RAPIDO: Ø  6.50 MM;8740;364
2110121;MECHA DE ACERO RAPIDO: Ø 11.50 MM;3846;21
2110148;MECHA DE ACERO RAPIDO: Ø 12.00 MM;5732;271
2110180;MACHO JUEGO M 05 X 0.80;1098;241
2110326;F: CADENA N. 35;7593;185
2110990;"CORTACAÑOS DE COBRE 1/8"" A 5/8""";9234;488
2110991;HERRAMIENTA: TIJERA SASTRE 9;2733;136
2110992;"HERRAMIENTA: TIJERA TIPO SASTRE 12""";5365;439
2110993;"HERRAMIENTA: TIJERA SASTRE 8""";5272;343
2110994;"HERRAMIENTA: TIJERA TIPO SASTRE 10""";5084;286
2111000;PINTURA: LATEX EXTTERIOR YAMA LIGHT SINTEPLAST;7116;397
2111001;PINTURA: EPOXI AMARILLO GAS ( 2 COMPONENTES);8885;173
2111002;ESPIGA: ELASTICA  6 X 100 MM;982;289
2111006;PINTURA: ESMALTE SINTETICO GRIS ESPACIAL;5377;397
2111009;PINTURA: LATEX MARRON AFRICANO;995;36
2111016;PINTURA: ESMALTE SINTETICO GRIS PERLA;6332;126
2111021;PINTURA EN AEROSOL CELESTE;3887;380
2111026;PINTURA: BARNIZ;8502;126
2111201;RETEN:  35.00  47.00  07.00;9309;401
2111284;BULON: HEXAG M12 X  80 MM;9802;161
2111307;PP: R ENTREROSCA 3/4 A ESPIGA 3/4;1415;359
2111479;NEUMATICA: TUBO POLIAMIDA  6, Ø 10 X 1.00 MM - COLOR NATURAL.;1941;32
2111608;BIDON: PLASTICO X 10 LTRS;3985;79
2111772;A.I. TUERCA HEX M 12;1093;199
2111864;HERRAMIENTA: LINTERNA 1 LED RECARGABLE- RAYOVAC;8490;207
2112176;ESPIGA: ELASTICA  3 X  40 MM;5256;349
2112434;PVC SANITARIO: TUBO Ø  63 MM X 3.2 MM X 4 M;350;55
2112516;BULON: FREZADO RANURADO 5 X 10 MM;7310;269
2112590;TANZA:  P/ALBAÑIL 1 MM X 100 M;3160;159
2112639;A.I. TUERCA HEX M 06;773;121
2112779;A.I. BULON HEX M 08 X 70;9741;63
2112884;F: CIERRA PUERTA- BRAZO HIDRAULICO;3540;294
2113799;HTA: LLAVE ALLEN T 4.00MM;1227;14
2113856;BULON: HEXAG M 5 X 15MM;4080;34
2113988;F: PINCEL 2        PULGADA N.20;9232;47
2113996;F: PINCEL 2 1/2 PULGADA N.25;4134;326
2114089;BULON: HEXAGONAL M   4 X 10 MM;9219;485
2114119;"BULON: HEXAGONAL.   3/4""   X  2""-1/2";1498;3
2114569;BULON: HEXAGONAL M 16 X  60 MM;2595;25
2114976;TIJERA TIPO MODISTA 200 MM;5843;483
2115360;PRISIONERO:  M  6 X 15;6253;283
2115603;MECHA:   WIDIA 12 MM;5829;378
2115913;VARILLA: ROSCADA M  8;3222;464
2116064;RETEN:  40.00  58.00   08.00;8104;68
2116308;VARILLA: ROSCADA M  6;2358;99
2116405;ANILLO ELASTICO DE SEGURIDAD PARA EJE Ø  15 MM - DIN 471;3705;237
2116923;BULON: HEXAG M   8 X  70;5353;443
2117460;RETEN: NITRILO  17.00  35.00   07.00 MM;3623;101
2118469;BULON: CILINDRICO ALLEN  8 X 110 MM;1218;190
2118673;BULON: ALLEN FREZ M  6 X  25MM;9700;89
2118675;BULON: ALLEN FREZ M  6 X  35MM;1010;248
2118677;BULON: ALLEN FREZ M  6 X  50MM;303;498
2118697;BULON: HEXAGONAL M   8 X 110 MM;4448;465
2118698;BULON: HEXAG M10 X  15 MM;9774;386
2118706;BULON: HEXAG M12 X  70 MM;3664;221
2119983;PP: TUBO H3 VERDE 2 1/2  X 6M;9425;242
2120062;F: YESO EN POLVO ;2756;348
2120119;BULON: HEXAG M 8 X  60 MM;138;153
2120224;"F: TIRAFONDO 5/16 X 2 1/4 "" - PARA TACOS DE 12 MM";9993;210
2120237;"F: TIRAFONDO 5/16 X 2 1/2"" PARA TACOS DE 12 MM";9444;39
2120283;"F: TIRAFONDO 3/16X2 3/4"" PARA TACOS DE 8 MM";7421;127
2120763;F: CADENA GALVANIZADA 3MM;7864;326
2121089;NEUMATICA: REGULADOR DE CAUDAL GRA 1/8 (VALVULA ESTRANGULACION-ANTIRETORNO) CAMOZZI RFU 483-1/8;7396;225
2121288;NEUMATICA: CONECTOR RAPIDO ROSCADO RECTO H PARA TUBO Ø 12 MM - ROSCA  1/2;7127;372
2121298;PINTURA: ESMALTE GRIS;6782;86
2121304;"NEUMATICA: ACOPLAMIENTO RAPIDO HEMBRA ROSCA DE 1/2"" FESTO KD4-1/2-A 2145";9741;437
2121565;ESPIGA: ELASTICA  5 X  40 MM;5585;369
2121673;FESTO: VALV.ESTRANG.GR-QS-8;7831;286
2121735;CANDADO: LLAVE DOBLE PALETA 50MM;5009;32
2122553;TUERCA: HEXAGONAL  M 16 X 2.00 ;1675;99
2122634;NEUMATICA: TUBO POLIURETANO AZUL Ø 12 X 2,0 MM;9727;348
2122995;BIDON PLASTICO CAPACIDAD 20 LTRS;7654;388
2123363;A.I. BULON CIL. ALL M 06 X 20;5007;384
2123428;A.I. ARANDELA PLANA M 10;2290;144
2123762;F: COPIA DE LLAVE;9574;453
2124203;PINTURA: AEROSOL BLANCO;6592;40
2124513;TUERCA: HEX M 04;7843;182
2124572;ESPIGA: ELASTICA  4 X  40 MM;355;380
2124637;BULON: CILINDRICO ALLEN  6 X  60 MM;58;445
2124639;BULON: CILINDRICO ALLEN  6 X  80 MM;1576;276
2124640;BULON: CILINDRICO ALLEN  8 X  15 MM;5315;153
2124769;F: HOJA CUTTER 18 MM;5930;440
2125463;TUERCA: HEX M 03;2919;381
2125900;BULON: HEXAG M10 X  35 MM;3972;463
2126206;GOMA: EVA PLANCHA 1 X 2 M. SUELA;1510;79
2126354;PINTURA: DILUYENTE P/DEMARCACION VIAL;1959;489
2126486;BULON: ALLEN FREZ M  5 X 30MM;7367;279
2126818;PASADOR: REFORZADO;3698;84
2126923;ALEMITE: ROSCA   1/8 - RECTO;6341;239
2127628;GOMA: EN PLANCHA 4,00 MM ANCHO 1 M;6403;388
2128136;ANILLO ELASTICO DE SEGURIDAD PARA EJE Ø  12 MM - DIN 471;6714;500
2128152;ANILLO ELASTICO DE SEGURIDAD PARA EJE Ø  16 MM - DIN 471;7989;446
2128408;"NEUMATICA:  CONECTOR RAPIDO ROSCADO RECTO H PARA TUBO Ø 08 MM - ROSCA 1/8""";2022;336
2129506;MECHA DE ACERO RAPIDO: Ø 13.50 MM;1697;492
2129549;MECHA DE ACERO RAPIDO: Ø 11.75 MM;6518;359
2129565;MECHA DE ACERO RAPIDO: Ø 10.75 MM;8152;140
2129874;RELOJ PARA PARED;2660;71
2129884;HERRAMIENTA: MANDRIL 13MM;2372;304
2129951;BIDON: PLASTICO X  5 LTRS;939;485
2130019;F: HOJA PARA SIERRA CALADORA BOSCH T218A METAL;1431;287
2130308;CAÑO ESTRUCTURAL: 25 X 15 X 1.5 MM X 6 M;3247;40
2131094;A.I. BULON HEXAGONAL M 10 X 60;7718;150
2131526;ARANDELA: BISELADA  5/16;3710;378
2132616;ESPATULA: METALICA   70 MM;1506;449
2132618;ESPATULA: METALICA 170 MM;9876;305
2132794;HERRAMIENTA: MORZA AGUJEREADORA BANCO;6200;116
2132829;BURLETE: AUTOADHESIVO DE GOMA ESPUMA 10 X  10 MM X 5MTS;5536;199
2132896;BISAGRA: LIBRO 50 X 15 MM;5161;32
2133057;"NEUMATICA: BUJE REDUCCION:   1/4""-    1/8""";1923;376
2133175;F: BISAGRA REFORZADA;1182;43
2133254;"TORNILLO: AUTOPERFORANTE C/TANQUE ARANDELA PUNTA MECHA T1 8 X 9/16""";7714;104
2133328;"NEUMATICA: CONECTOR RAPIDO ROSCADO RECTO H PARA TUBO Ø 08 MM - ROSCA  1/4"" ";5300;184
2134374;HERRAMIENTA: DEST PHIL  0 X 100 ;7091;68
2134731;MACHO PARA ROSCAR M 3 X 0.50 MM;6101;93
2135111;RETEN: NITRILO  25.00  32.00   04.00 MM;1348;409
2135409;HERRAMIENTA: CINTA METRICA X 10M;3834;298
2135672;PAPEL: ESPAÑA 0.10 X 15 ANCHO;829;352
2135967;TUERCA: HEX. AUTOFREN. M 10;9516;154
2136364;PP: R ENTREROSCA   3/4;5150;477
2136906;HERRAMIENTA: ACEITERA 1/2 LT.;334;462
2140249;FESTO: CONEC  Y  QSY-1/4-8;9828;376
2140359;A.I. BULON CIL. ALL M 06 X 15;4016;347
2140670;"NEUMATICA: CONECTOR RAPIDO ROSCADO RECTO H PARA TUBO Ø 12 MM - ROSCA  1/4"" ";5241;373
2140858;BULON: ALLEN FREZ M  5 X  10MM;3973;415
2140971;PRISIONERO:  M  8 X 12;8285;128
2140972;PRISIONERO:  M  8 X 25;9926;454
2147878;BULON: CILINDRICO ALLEN  4 X  40 MM;7066;366
2147894;BULON: HEX.  4 X 30;964;452
2148444;ARANDELA: PLANA   4 MM;8186;435
2148664;HERRAMIENTA: MACHOS PARA ROSCAR JUEGO X 3U: M  5 X 0.80;2104;303
2148951;HERRAMIENTA: DEST TORX JUEGO;9604;322
2149099;"NEUMATICA: CONECTOR ROSCADO RECTO ROSCA 1/4"" - ESPIGA PARA MANGUERA Ø 8 MM - N-1/4-P-9 FESTO 3607 ";1533;431
2149538;TUERCA: HEX. AUTOFREN. M 05;7754;85
2149542;TUERCA: HEXAGONAL. AUTOFRENANTE M 12 X 1.75;4690;330
2150120;VALVULA: ESFERICA CON ROSCA    3/4;2853;277
2150810;HERRAMIENTA: LLAVE ALLEN T  6,00 MM;4791;237
2150871;HERRAMIENTA: LLAVE ALLEN  4.00 MM;8101;378
2152809;HG: REDUCCION    1/2 A   1/4;441;45
2152914;MAYER: PISTOLA DE AIRE LPS-14-C - CON BOQUILLAS INTERCAMBIABLE;4141;380
2152916;MAYER: PISTOLA P/AIRE PICO CURVO G 1/4 (MICRO);3482;24
2152919;F: VIRUTA DE ACERO;6872;32
2152990;PINTURA: AEROSOL VERDE INGLES;5913;175
2153002;GRASERA NEUMATICA CON CARRO: 25 KG.;7385;138
2153246;ADHESIVO: SELLADOR DE SILICONA TRANSPARENTE X 300 GRMS. - FASTIX;8797;146
2153654;F: TACO;2627;389
2153908;JUEGO: CABLES PARA TESTER;1924;44
2154274;"VALVULA: ESFERICA CON ROSCA    1/2""";6574;179
2154837;TUERCA: HEX. AUTOFREN. M 06;6492;28
2154888;CINTA: REVESTIMIENTO CORRUGADA MARRON 50 MM CR GS 18 AB 90;8727;398
2159602;PRISIONERO:  M  8 X 12;6204;210
2159603;PRISIONERO:  M  8 X 16;6847;437
2160594;BULON: CILINDRICO ALLEN  6 X  50 MM;9873;33
2160941;BULON: CILINDRICO ALLEN  5 X  50 MM;7493;66
2161900;ZOCALO: ALUMINIO PARA PUERTA X 92;5406;400
2166783;F: RESORTE DE COMPRESION 1 MM X Ø 8 MM;1311;193
2166830;HERRAMIENTA: DEST PHIL  5 X 125;7515;478
2166832;HERRAMIENTA: DEST PLANO 5 X 125;7822;123
2166874;HERRAMIENTA: LLAVE ALLEN JUEGO MILIMET;5998;491
2167832;MECHA: ESCALONADA 4 - 32MM;2502;198
2167833;MECHA: ESCALONADA 4 - 12MM;3847;497
2168231;NEUMATICA: CONECTOR RAPIDO  Y  H-H-H PARA TUBO DE Ø 08MM;5540;266
2169280;NEUMATICA: TUBO POLIURETANO AZUL Ø  4 X 0.75 MM;4036;416
2169299;BULON: HEXAG M 6 X 15 MM;1813;384
2170101;CADENA A RODILLO:  SIMPLE 06 B-1;4981;96
2170128;CADENA A RODILLO:  SIMPLE 05 B-1;9727;457
2170415;HERRAMIENTA: TENSIOMETRO PARA HILO ZF 2-12 SCHMIDT;9556;480
2170458;BULON: CILINDRICO ALLEN  6 X  15 MM;1795;398
2170459;BULON: CILINDRICO ALLEN  6 X  20 MM;6772;97
2170466;BULON: CILINDRICO ALLEN  6 X  35 MM;3714;62
2170597;FESTO: RACOR QSH-10-8;6522;217
2170769;HERRAMIENTA: DEST PLANO 3 X 100 MM;7862;291
2171234;PINTURA: COLOR YAMAL LIGHT (COD. 56B - 3D );2958;308
2171325;PINTURA: POXIMIX;6201;184
2173634;NEUMATICA: TUBO POLIURETANO AZUL Ø  8 X 1,25 MM;6911;68
2174353;BULON: CILINDRICO ALLEN 10 X  70 MM;814;113
2174462;BULON: HEXAG M   6 X  60;1035;262
2174470;BULON: HEXAG M10 X  60 MM;1040;141
2174489;BULON: HEXAG M12 X  60 MM;4487;295
2174572;BULON: HEXAGONAL M 16 X  50 MM;7924;170
2175625;MANGUERA: FLEXIBLE POLIURETANO REFORZADA CON ESPIRAL EXTERNO DE ACERO Ø  50 MM;8025;23
2175829;"TORNILLO: AUTOPERFORANTE HEXAGONAL SIN ARANDELA T1 10 X 1"" (4.8 X 25 MM)";5436;495
2175900;ADHESIVO: EPOXI 10 MINUTOS ACERO LIQUIDO X 57 GRS.;5943;329
2177797;BULON: CILINDRICO ALLEN  8 X  60 MM;9001;392
2178530;"NEUMATICA: CONECTOR RAPIDO ROSCADO CODO 90º H PARA TUBO Ø 06MM - ROSCA 1/8""";6980;245
2178911;FESTO: CONEC PASAMURO QSS-10;371;275
2178962;"NEUMATICA: BUJE REDUCCION:   3/4"" -   1/2""";2863;487
2180148;BULON FIJACION 12/150MM  X 100MM ;5365;40
2180325;NEUMATICA: CONECTOR ESPIGA ROSCA HEMBRA 1/4 ESPIGA 8MM;3601;312
2180376;FESTO: ELECTROV. CPE18-M1H-3GL;7249;498
2181468;NEUMATICA: TUBO POLIURETANO AZUL Ø 10 X 1,5 MM;7236;313
2181492;NEUMATICA: CONECTOR RAPIDO  T  H-H-H PARA TUBO DE Ø 12 MM;8721;68
2191595;RETEN: NITRILO  35.00  47.00   07.00 MM;856;293
2200025;ACEITE: TEXTOL HT 32 - LITESA;1126;177
2200064;LUBRICANTE: AEROSOL MULTIUSO  W - 40;8185;401
2200065;LUBRICANTE: MULTIUSO EN AEROSOL BARDAHL;8394;35
2200317;ACEITE: SUMMIT HYSYN 32 ( X 19 LTRS);2402;269
2200325;GRASA: STABURAG NBU 12/300 KP;9061;92
2200524;LUBRICANTE MULTIPROPOSITO: PENETRAT FLUID;4203;255
2200570;GRASA: STABURAGS B 15 A ......;9191;70
2200589;ACEITE: PRIMIUN FLUID ESPECIAL;7930;208
2200630;TEXTOL R - LITEZA;7603;316
2201046;ACEITE: KLUBER MADOL  934 N;7335;280
2201105;ACEITE: TELLUS S2-M-68 SHELL-CODIGO 10264;5237;203
2201775;GRASA: ISOFLEX NCA 15;3851;171
2201842;ACEITE: LAMORA D 220 X 20 LTS;7426;115
2202110;GRASA: RUNSPEED 152 RUNNER;4212;57
2202224;ACEITE: KLUBER TEX R 14;7503;298
2202612;ACEITE: KLUBER TEX W 32;4841;424
2300036;COMBUSTIBLE: KEROSENE;2591;380
2300044;COMBUSTIBLE: NAFTA;6533;208
2300052;PINTURA: THINNER;5117;202
2300109;VASELINA SOLIDA X 4 KGS;2384;284
2300125;COMBUSTIBLE: NAFTA SUPER;5984;58
2300219;LIMPIADOR: LITELUB IL CLEANER;2573;181
2300990;VASELINA SOLIDA X 1 KG.;1336;291
2400086;CORREA: DENTADA 1104 8M 25MM;7606;315
2400103;CORREA: A  54;8644;43
2400132;CORREA: DENTADA 2600  8M  50MM;5287;342
2400142;correa del motor 1600x8M ;6604;111
2400156;CORREA: XPA 1750;9891;54
2400163;CORREA: XPA 1500-SPA 1500-;9291;91
2400200;CORREA: A  68;5800;367
2400498;CORREA: VAR 14 X 7 X 1770 LI MAYER;6545;139
2400585;CORREA: A  87 -SPA 2240-;578;48
2400597;correa 1800-8M-50;2613;81
2400697;CORREA: DENTADA 2400  8M  50MM;7371;28
2400731;CORREA: SPZ 1400 XPZ 1400;4024;369
2400782;CORREA: SPZ 1500..............;1506;382
2400812;CORREA XPZ 1600;469;238
2400863;CORREA: SPZ 1750           E66;2997;202
2400871;CORREA: SPZ 1762;1314;50
2400898;CORREA: XPZ 1800;5267;443
2400979;CORREA: SPA 2240;4607;18
2401576;CORREA: DENTADA  750 H 100;5489;106
2402039;Correa 1040-8Mx50. ;8728;46
2402238;CORREA: POLICORD    4MM;3109;140
2402827;CORREA: DENTADA  367 L 100;3811;185
2402830;Correa  de vanguard;2477;181
2402870;CORREA: DENTADA  720  8M  X 20 MM;8750;24
2402909;CORREA: XPZ 1420 - 3VX 563;7803;454
2402910;CORREA: SPA 1782;8556;145
2403442;CORREA: VAR   14 X 5 X 1400 LI;4142;28
2403443;CORREA: VAR   14 X 5 X 1120 LI;7636;324
2403823;CORREA: XPA  882-SPA 882-;795;109
2404727;correa de transmisión SPZ. 1537 w;1231;216
2404990;CORREA: SPZ 1687-XPZ 1687-;4333;124
2405862;correa 14x5x1060;5583;247
2406557;960 8M x20 mm;3249;52
2406565;correa 800 8m;1707;193
2407007;CORREA: SPA  732;844;374
2410036;CORREA: SPA 2360;2399;69
2410087;CORREA: POLICORD    3MM;2759;267
2410765;CORREA: 3VX 1180;7877;269
3000117;LIBRERIA: LIBRETA;4762;44
3000120;LIBRERIA: LETROGRAFO ALTO LETRA 20 MM - LETRAS Y NUMEROS;9562;269
3000124;LIBRERIA: ALFILER CABEZA DE VIDRIO;5483;226
3000141;LIBRERIA: CUADERNO RAYADO 84 H;6517;3
3000165;LIBRERIA: ETIQUETA 100 X  60 MM ROLLO X 2000 UNID. AUTOADHESIVAS CODIGO DE BARRAS;4526;74
3000168;LIBRERIA: CUADERNO CUADRI 84 H;6167;112
3000257;LIBRERIA: BROCHE 10/50;2882;392
3000258;LIBRERIA: BROCHE 10/50 CAJA X 5000;8758;15
3000338;LIBRERIA: LAPIZ NEGRO;8110;128
3000362;LIBRERIA: TINTA P/MARCADORES;6498;186
3000389;LIBRERIA: MARCADOR INDELEBLE TRAZO FINO.;7608;181
3000397;LIBRERIA: RESALTADOR;7194;367
3000400;LIBRERIA: BOLIGRAFO;7974;129
3000516;LIBRERIA: SOBRE OFICIO 23 X 37 ;3835;405
3000687;PIZARRAS BLANCAS APTA PARA FIBRA 80 CM X 120 CM;1180;119
3000693;LIBRERIA: MARCADOR PARA PIZARRA - ROJO;8816;391
3000695;LIBRERIA: MARCADOR PARA PIZARRA - AZUL;5450;142
3000696;LIBRERIA: MARCADOR PARA PIZARRA - NEGRO;9409;49
3000700;LIBRERIA: MARCADOR PARA PIZARRA - VERDE;35;52
3000761;LIBRERIA: SOBRE MADERA 23 X 32  - A4 ;1343;280
3000826;LIBRERIA: TIZA BLANCA;303;3
3000915;"F: TIJERA TIPO SASTRE 6""";5238;392
3001106;LIBRERIA: TINTA PARA MARCADOR PERMANENTE X 30 ML;7904;127
3001121;LIBRERIA: ETIQUETA   80 X  50 MM ROLLO X 2500 UNID. AUTOADHESIVAS CODIGO DE BARRAS;8122;384
3001166;LIBRERIA: BANDAS ELASTICAS;9212;38
3001415;LIBRERIA: MARCADOR NEGRO;4939;456
3001431;CINTA: PAPEL DOBLE FAZ 12MM;6993;190
3001784;LIBRERIA: FOLIO PLASTICO A4;2619;453
3002197;LIBRERIA: TIZA COLOR;6199;268
3002578;LIBRERIA: BIBLIORATO A4;7414;359
3002586;LIBRERIA: FOLIO A4 - PORTA TARJETA;1931;5
3002637;LIBRERIA: RIBBON  83 MM X 450 M CERA PREMIUM S-245;3925;64
3002645;LIBRERIA: ETIQUETA 100 X  60 MM ROLLO X  500 UNID. AUTOADHESIVAS CODIGO DE BARRAS;5953;494
3003069;LIBRERIA: ABROCHADORA 10/50;5729;232
3003101;LIBRERIA: APRIETA PAPELES CON BASE ACRILICO;479;442
3003102;LIBRERIA: APRIETAPAPELES METALICO;6093;373
3003136;LIBRERIA: PAPEL A4 70 GRMS. X RESMA.;9125;315
3003152;LIBRERIA: CORRECTOR BLANCO LAP;8187;318
3006804;LIBRERIA: RIBBON  83 MM X 153 M CERA PREMIUM S-245;4318;212
3006885;INFORMATICA: MICROSD CARD 16GB;239;371
3007780;TONER: CB / LH 285/435A/85A/35A ;5400;315
3200035;LIMPIEZA: INSECTICIDA EN AEROSOL;72;228
3200044;LIMPIEZA: ROLLO DE PAPEL SECA MANOS;6536;100
3200071;LIMPIEZA: PALA PLASTICA PARA RECOGER BASURA;4036;197
3200078;LIMPIEZA: SECADOR;3845;30
3200116;LIMPIEZA: ESCOBILLON 80 CMTS;4532;491
3200175;LIMPIEZA: ESCOBA PLASTICA;6768;54
3200184;LIMPIEZA: DESENGRASANTE INDUSTRIAL;6594;115
3200185;LIMPIEZA: PLUMERO DE MICROFIBRA;1570;292
3200214;LIMPIEZA: LIQUIDO LIMPIA VIDRIOS X 5 LT;438;419
3200264;LIMPIEZA: CEPILLO P/INODOROS;1920;497
3200270;LIMPIEZA: PERFUME P/TELA;4326;216
3200299;LIMPIEZA: CEPILLO PLASTICO28CM;6175;267
3200337;LIMPIEZA: LAMPAZO (COMUN);5288;493
3200398;LIMPIEZA: CABO PARA CEPILLOS,SECADORES Y  OTROS;217;445
3200399;LIMPIEZA: CABO EXTENSIBLE PARA LIMPIA TECHO;4971;242
3200447;LIMPIEZA: LIMPIATECHO ESFERICO;9012;237
3200506;LIMPIEZA: ATOMIZADOR PLASTICO;6802;178
3200541;LIMPIEZA: MOPA;1061;406
3200542;LIMPIEZA: LAMPAZO ARTICULADO 80 CM - COMPLETO;1530;458
3200561;LIMPIEZA: LIQUIDO P/LAMPAZO;5242;111
3200596;LIMPIEZA: SOPAPA DE GOMA.;8593;447
3200912;LIMPIEZA: CEPILLO LAVACOCHES;6086;128
3200971;LIMPIEZA: ESCOBILLON 100 CM;8175;408
3203809;BOLSA: TIPO CAMISETA 45 X 60 CM;6235;206
3203866;LIMPIEZA: ESCOBILLON 60 CTMS;2676;152
3203882;LIMPIEZA: LAMPAZO ARTICULADO 60 CM - COMPLETO;3234;100
3300014;CINTA: EMBALAJE 24 X 40 M TRANSPARENTE;4454;424
3300237;BOLSA: ROLLO 35 X 45;6690;310
3300374;CINTA: EMBALAJE 72 X  100 TRANSPARENTE;9994;141
3301322;CINTA: EMBALAJE 48 X  50 ROJA;4728;372
3600017;FARMACIA: ALCOHOL PURO MEDICIN;2016;193
3600099;FARMACIA: SOLUCION FISIOLOGICA;3481;317
3600401;FARMACIA: GUANTES QUIRURGICOS;1623;180
3600995;FARMACIA: ALCOHOL EN GEL;1370;367
3903873;SEGURIDAD: GUANTE ALGODON REVESTIDO NITRILO REFOR LIVIANO AMARILLO;8620;491
5000425;GAVETA: NEGRA PLASTICA APILABLE 35 X 20 X 14.5 CM;6538;342
12123030;PROTTI: 27301 BOBINA;621;473
20009986;portalampara E27;838;65
20067578;lampara 24v. 60w;4107;402
