id_insumo;descripcion;stock;stock_max;stock_min
1003160;RACORD: ROSCA HEMBRA 1/4 P/MANGUERA 8 MM;2198;446401;187
1102848;SOHLER: UC RS 520.921 MICROINTERRUPOR V3;7855;29106;210
1105145;G30: 41.305 CINTA DE POSICION- BUXADERAS;1546;495846;108
1109243;"TORNILLO: AUTOPERFORANTE CABEZA FIJADORA PUNTA MECHA T1 6 X 1"" (3.5 X 25 MM) ZINCADO";1687;124801;465
1116118;MAYER: 180176.0 PORTALAMPARA;9256;439738;72
1161822;E35: 13040.006 RODILLO DE CABALLETE CARRO E16;1256;465959;27
1161853;E35: 13040.003 RODILLO GUIA 82 X 30;7477;122554;333
1200001;MAYER: 216743.1 COJINETE DE ACCIONAMIENTO;6999;84495;171
1200002;MAYER: 055417.0 ANILLO TOROIDAL;9370;442089;214
1200003;MAYER: 051107.0 DISCO DE AJUSTE;31;302824;165
1200004;MAYER: 050368.0 ANILLO DE SEGURIDAD;3121;125031;436
1200005;MAYER: 054530.3 RUEDA DE CALIDAD RUEDA SIMPLE D= 250;9673;251262;410
1200006;COJINETE-SOPLADOR;8965;239252;461
1200007;MAYER: 273715.1 TOBERA;687;172224;319
1200008;MAYER: 273716.1 TOBERA;7548;87921;126
1200009;MAYER: 271005.0 BARRA;6993;100336;367
1200013;MAYER: PIÑON Z 14;4375;235834;129
1200014;MAYER: 369441.0 CONTROL CASILLS ECP;8457;178753;213
1200015;MAYER: 271391.0 TOBERA CPL;8816;179581;359
1200019;"MAYER: 386996.0 LEVA CPL. 30""";4480;170418;18
1200026;MAYER: 371806.0 LLEVADOR;9000;52324;426
1200030;MAYER: 058850.0 JUNTA ANILLO;6284;344981;337
1200034;MAYER: 238606.3 COMANDO MANEJO DE LA PANTALLA;9699;468200;403
1200035;"MAYER: 386995.0 LEVA CPL 30"" FLAUM";8851;64966;349
1200036;"MAYER: 386994.0 LEVA CPL 22""- 30""";4820;54005;131
1200037;MAYER: 10000568 ACCIONAMIENTO MANO CPL;2689;64936;60
1200040;MAYER: 216745.0 PIÑON;8462;160538;281
1200041;MAYER: 349124.1 APTO DE PUESTA A PUNTO CPL;7888;199800;413
1200042;MAYER: 216746.2 CHAPA DE CUBIERTA;276;415077;311
1200043;MAYER: 10002235 UNIDAD DE BOTONES CPL;7938;135338;29
1200044;VO 140.50 S0037;6587;477902;139
1200067;MAYER: 196503.0 INVERTER D-740-120 E11 / 5,5KW;5222;312912;80
1200068;MAYER: 365592.9 PLACA RELÉ CPL S4/D4;666;3520;361
1200069;MAYER: 345315.4 PLACA RELÉ CPL PRINTVERTEILER;6464;213222;72
1200082;MEMMINGER: 050-100-315-10 MULTIPLE DE PUSONIC;6486;181143;14
1200084;VANGUARD: 108943-01 - Patin simple del faldeador - 3 agujeros;15;192695;487
1200086;VANGUARD: 1806853 - Rueda del faldeador;3888;100716;428
1200089;MAYER: 10006771 ACONDICIONAMIENTO KIT MC 89;8632;40391;66
1200090;VANGUARD: 808450-01 - Pico de lubricación;2263;230481;32
1200091;VANGUARD: 119028-12C - Display Pantalla (con placa de control y chip de circuito);1351;455846;128
1200095;MAYER: 196542.2 PLACA DE MONTAJE;2844;82270;487
1200096;MAYER: 19501.1 CABLE D-SUB RJ45 L=1600;5401;16612;416
1200114;IMAN: DE NEODIMIO Ø 15 MM , 5 MM DE ESPESOR;4889;12544;71
1200121;MAYER: 275918.1 APTO DE PUESTA A PUNTO CPL;6739;29401;448
1200128;MAYER: 194241.0 MOTOR SERVO;9316;274354;408
1200129;MAYER: 145317.1 ALIMENTADOR VELOCIDAD OBT;879;144598;314
1200132;MAYER: 057301.0 DISPOSITIVO TENSOR;6259;74282;127
1200140;MAYER: 10003420 ROLLO ELASTAN;7162;475630;468
1200141;MAYER: 388599.2 GUIADO DEL HILO;4714;134941;345
1200150;Fabricar buje de aislación de puertas de máquinas circulares. (según muestra);7908;467611;410
1200158;MAYER: 10004834 PANEL DE CONTROL ECP-V4 MC 79101-79102;9551;184229;466
1200161;VANGUARD: 100797-430 - Resorte de retención de agujas;7356;249107;351
1200163;VANGUARD: 119049-02 - Rueda de calidad superior;7709;457089;8
1200168;VANGUARD: 118452-103 - Base portacarbones (escobillas;5816;102964;398
1200172;VANGUARD: 775565-02 - Interruptor de imán (Coded Magnet Switch);6971;152618;450
1200176;VANGUARD: 808419 - Manguera de descarga;8527;205977;138
1200179;VANGUARD: 1806852-0620 - Tornillo de hombro (bulón);598;317707;51
1200180;MAYER: 299288.4 PLACA MADRE RELAINT 1.6 ER / 3.2 II;9093;5351;376
1200188;VANGUARD: 808450-02 - Pico de lubricación;9262;283490;24
1200189;VANGUARD: 808450-03 - Pico de lubricació;769;81766;210
1200190;VANGUARD: 808447-22 - Pico de lubricación;8471;402821;319
1200192;VANGUARD: 775650-0475 - Inverter Lenze de 10 hp, 480V;5556;87046;259
1200200;MAYER: 194141.0 INVERTER FR-F740-00126-E2 400V/5,5 KW / 11;6979;229001;402
1200201;MAYER: 10002538 DISPLAY;3493;6912;262
1200205;VANGUARD: 775581-01 - Módulo de seguridad de la puerta;3474;125550;496
1200206;MAYER: 10003878 DISCO;5866;80826;88
1200209;MAYER: 10006533 PANEL ECP_V4;897;21095;82
1200210;VANGUARD: 119048 - RUEDA DE CALIDAD INFERIOR;3845;260851;304
1200212;MEMMINGER: ZEBRA ESTUCHE SOPORTE;1396;10258;298
1200213;MEMMINGER: ZEBRA CABLE USB-C;9962;97736;110
1200214;MEMMINGER: ZEBRA CARGADOR P/ MOVIL;5968;472254;217
1200215;MEMMINGER: INTEOS IF KNIT DEVICE;3693;191152;169
1200219;MEMMINGER: ZEBRA MOVIL DEVICE;2349;263499;226
1200220;MEMMNIGER: INTEOS CABLE DEL MEDIDOR DE CONSUMO;2518;126869;313
1200221;MEMMINGER: INTEOS MEDIDOR DE CONSUMO DE HILO;2264;450577;251
1200222;MEMMNIGER: INTEOS MEDIDOR DE CONSUMO DE LYCRA;4260;231059;454
1200230;MEMMINGER: 10-106-1810 PEINE P/ MAQUINA LISTADORA VERDE ( MC 92-93);8710;437305;83
1200234;MEMMINGER: 022-000-085-01 DISPOSITIVO TENSOR CINTA DOBLE;9188;270437;17
1200261;VANGUARD: 1806846 FIJADOR GUIA DEL FALDEADOR;8175;485711;127
1200325;MEMINGER: 050-000-300 ELECTRONIC PULSONIC 5.2/12/24;9860;410815;457
1200344;MAYER: 136239.0 BUJE DISTANCIA;1134;349831;405
1200350;MAYER: 172905.0 SOPORTE;7254;63264;337
1200401;MAYER: 140401.0 RUEDA IZQUIERD;1587;386433;160
1200521;MAYER: 050455.0 ANILLO AJUSTE;8785;455575;132
1200700;"MAYER: 365422.0 LEVA SUPERIOR CPL 30/36"" - FLAUMBLASEN";7081;52240;488
1200701;"MAYER: 362181.0 EXCENTRICO DE PLATINAS 30/36"", NORMAL";7576;27742;98
1200702;"MAYER: 365432.0 LEVA CPL 30/36"" - NORMAL";5310;478517;126
1200705;"MAYER: 365433.0 LEVA CPL 30/36"" FLAUMBLASEN";4739;270655;338
1200711;"MAYER: 365420.0 LEVA SUPERIOR CPL 30/36"" - NORMAL";2778;358848;428
1200715;MAYER: 388518.0 ROLLO DE ELASTANO CPL MC/ 71668-73885;4404;321159;231
1200721;MAYER: 197751.0 SD CARD;7277;181276;43
1200722;MAYER: 391330.0 UNIDAD DE AIRE COMPRIMIDO;7089;336759;128
1200723;MAYER: 059761.0 VALVULA DE CONTROL DEL FILTRO.;4214;263247;256
1200724;MAYER: 058896.0 VALVULA DE PRESION LR-1/4-DB-7-MINI.;6509;307163;2
1200726;MAYER: 362182.0 EXENTRICO DE PLATINA;5318;70312;197
1200727;MAYER: 387537.0 GUIADO DE HILO CPL;9376;396289;78
1200728;MAYER: 386473.0 GUIA HILO;7637;113118;0
1200729;MAYER: 386472.0 GUIA DEL HILO;6492;332901;58
1200731;MAYER: 197750.0 COMANDO DE MANEJO DE LA PANTALLA;8539;485866;289
1200732;MAYER: 179917.3 PLACA RELE CPL-EMS;4503;164926;208
1200734;MAYER: 254417.1 RUEDA CONICA;7412;93558;117
1200735;MAYER: 212643.0 PIÑON CONICO;3618;155832;217
1200737;MAYER: 371808.1 UNIDAD SEGMENTO COJINETE BOLAS;257;350752;286
1200739;MAYER: 179966.4 PLACA RELE CPL;4195;334546;489
1200741;MAYER: ZFP014.0 CONI SEP;5217;167066;402
1200742;"MAYER: 274078.4 LEVA DE TRICORTA CPL 30 - 32""";1949;1843;352
1200743;MAYER: 276044.0 RESORTE DE TRACCION;2861;24079;240
1200744;MAYER: 258118.0 RESORTE DE TRACCION;703;110950;76
1200745;MAYER: 128402.0 RESORTE TRACCION;3163;225940;403
1200747;MAYER: 257021.1 PLANCHA RESORTE;1809;362007;260
1200748;MAYER: 389227.0 BIDON CPL. ALTÖL;8688;263289;392
1200752;MAYER: JLY-111-3G GOMA DE PATYN ALTERNATIVO;3780;120696;190
1200754;MAYER: 057506.0 CUCHILLO DE CERAMICA;3959;84072;198
1200756;MAYER: 212773.0 PIÑON 22 DIENTES;771;89576;105
1200759;MAYER: 216744.1 ARBOL - EJE DE MANIJA;8605;475832;256
1200762;MAYER: 239613.1 INYECTOR CPL;7184;365326;174
1200764;MAYER: 059249.0 VALVULA SELENOIDE VUVG-L14-T32C-AT-G18-1P3.;3232;119670;163
1200765;MAYER: 254536.1 ARBOL MC/ 46865-46866-47266;356;176657;330
1200767;MAYER: 271390.0 INYECTOR CPL;1060;458844;103
1200769;MAYER: 277861.2 GUIA HILO;870;304814;27
1200772;MAYER: 197750.0 COMANDO DE MANEJO DE LA PANTALLA;3861;67829;274
1200773;MAYER: 241142.1 INYECTOR CPL;7321;261791;250
1200775;MAYER: 367545.2 CAJA DE ACCIONAMIENTO;4;498805;14
1200777;MAYER: 375270.1 ENSANCHADOR CPL MC/ABIERTO;9859;131466;155
1200778;MAYER: 242104.0 BOQUILLA PULVE. REEMPLAZA 273717.0;4729;247764;300
1200781;MAYER: 088240.0 contador de mallas - LUPA;3736;219188;374
1200783;MAYER: 10004834 PANEL DE CONTROL ECP_V4 MC 79101-79102;2991;98058;259
1200786;MAYER: 10005748 PLACA PRINCIPAL MC/ 79101;1377;183348;105
1200788;MAYER: 377378.0 ROLLO DE ELASTANO HIGHSPEED CON RODAMIENTO;5762;24458;77
1200791;INFORMATICA: MIKROTIK ANTENA WIFI CPA LITE (DONGLE);7111;441657;467
1200793;INFORMATICA: MIKROTIK FUENTE DE ALIMENTACIÓN 24V - 1.2 A;8833;167507;216
1200801;MAYER: 140015.0 RUEDA DERECHA;6338;416169;18
1200806;MEMINGER: 010-100-185- MOTOR REDUCTOR;3056;230521;50
1200807;MEMINGER: 010-100-186-30 NUCLEO CENTRAL DE VENTILADOR;5928;99929;391
1200809;MEMINGER: 010-260-025-30 ASPA DE VENTILADOR 230;5915;226038;488
1200810;MEMMINGER: 042-100-006-01 CARGADOR DE BATERIA MLT WESCO;3105;111030;161
1200812;MEMINGER: 010-100-131-02 NUCLEO CENTRAL DE VENTILADOR DRIVEN 230V;1264;149108;329
1200813;VANGUARD: 119229-002 GUIA HILO;747;30405;436
1200814;VANGUARD: 119228-002 GUIA HILO;1574;40246;109
1200818;VANGUARD: 106897-002 GUIA HILO;1219;26804;457
1200822;MAYER: PLACA RELE Y PLACA DE POTENCIA , MAQ. 6 (USADA);672;97329;196
1200823;MAYER: 386788.3 UNIDAD DE ALIMENTACION CPL;1055;73532;223
1200824;MAYER: 386960.0 BIDON CPL ACEITE FRESCO;2480;20073;443
1200825;MAYER: 299288.4 PLACA RELE CPL;4689;128929;367
1200828;MAYER: 386965.0 ANGULO;991;27022;414
1200830;MAYER: 197306.0 CALABROTE CPL 2M;2025;332697;413
1200831;MAYER: 196353.0 CALABROTE CPL 1,2 M;3827;359748;440
1200832;MAYER: 197089.0 SUMINISTRO DE LA CORRIENTE;7034;317122;262
1200833;MAYER: 055438.0 TUBO DE ACEITE TRANSPARENTE;586;280106;412
1200834;MAYER: 193542.0 ENCHUFABLE;4342;3495;53
1200836;MAYER: 179724.0 MODULO CPL SFT;3174;294490;65
1200838;MAYER: PLACA RELE MAQ. 85 (USADA);550;337898;145
1200839;MAYER: 391329.0 UNIDAD DE AIRE COMRIMIDO;9758;345871;40
1200846;MEMMINGER: 000-703-047 LCD MLT WESCO;2741;450818;111
1200847;MEMMINGER: APARATO DE LYCRA ( CHINO );5679;14248;7
1200900;MATSUYA: CEPILLO ABRE LENGUETA 60 X 35 MM;6920;491090;465
1200917;MAYER: MANGUERA SILICONADA Ø EXT. 5,30 - Ø INT. 2,30 MM;8035;62140;142
1201002;ORIZIO: SOPORTE DE DISPLAY C/ BOTORES JSV4;8067;320195;340
1201003;ORIZIO: TAPA POSTERIOR C/ BOTONERA JSV4;8410;344391;258
1201005;ORIZIO: BOTORES C/ CABLE JSV4;6883;5022;96
1201007;ORIZIO: FUENTE DE ALIMENTACIÓN 220V-24 DC 3,2 AMP JSV4;2358;463979;470
1201008;ORIZIO: MODULO DISPLAY JSV4;2378;60588;410
1201010;ORIZIO: CABLE ALIMENTADOR DE PUAS 1720 MM JSV4;2955;378040;321
1201011;ORIZIO: CABLE SERIAL IHM 7 POL JSV4;8885;403654;359
1201012;ORIZIO: CABLE 04 A 5530MM JSV4;9897;192481;353
1201013;ORIZIO: PLACA PRINCIPAL JSV4;1936;436444;245
1201014;ORIZIO: PLACA SUPERIOR DE ENTRADA Y SALIDA 20190806 JSV4;2286;326943;367
1201015;ORIZIO: PLACA SUPERIOR DE FORNIZORES 0512 JSV4;1666;50849;123
1201016;ORIZIO: CABLE SUPERIOR 07 A 2040 MM JSV4;4729;239300;365
1201017;ORIZIO: CABLE MOLEX JSV4;3620;243395;374
1201019;ORIZIO: CABLE 03A 5400 MM JSV4;8722;437920;95
1201021;ORIZIO: CABLE 06-06 A LONG JSV4;4259;230625;224
1201025;"ORIZIO: 02065100 PICO DE SOPLADO ""PLATINA"" JSV4";629;61648;330
1201027;ORIZIO: TENSOR CORTO P/ CINTA DE ALIMENTACIÓN JSV4;7583;189621;355
1201030;ORIZIO: ESTIRA CINTA DE ALIMENTACIÓN LARGO JSV4;7819;292160;363
1201031;ORIZIO: 0040026A INYECTOR DE AIRE JSV4;6126;393381;17
1201078;ASPA PLASTICA PARA VENTILADOR DE MOTOR ELECTRICO: Ø 190, Ø EJE 30;7369;403212;496
1201106;MAYER: 193829.0 BOTON BLANCO;807;281024;473
1201263;ASPA PLASTICA PARA VENTILADOR DE MOTOR ELECTRICO: Ø 190, Ø EJE 38;142;299898;493
1201283;MAYER: 054204.0 DISPOSITIVO;5192;55231;53
1201402;MAYER: 10000290 RUEDA DE CALIDAD;6258;181389;264
1201403;MAYER: 057309.9 LIMPIEZA-CINTA CPL. 1 CINTA LANGE 140 MM;6949;110271;323
1201404;MAYER: 057318.0 GUIA;413;130391;471
1201405;MAYER: 057316.0 UNIDAD DE DESVIACION AJUSTABLE HORIZONTALMENTE;6515;293259;134
1201407;MAYER: 174795.0 CALABROTE CPL;1298;425478;442
1201408;MAYER: 179152.1 CONEXION;4281;187167;152
1201409;MAYER: 100003018 FLAT CABLE CONECTOR;5990;53636;111
1201410;MAYER: 272094.0 DOUBLE GUIDE ROLL CPL;4530;178138;459
1201411;MAYER: 373875.0 EL CABLE DE CINTA;4289;175023;127
1201412;MAYER: 387296.0 ALIMENTADOR DE ELASTO;6877;462483;190
1201413;MAYER: 299221.0 SOFTWARE MEMC30.HEX V3.4;3110;476265;227
1201414;MAYER: 269210.1 SOPORTE;4805;487922;298
1201415;MAYER: 368438.0 ROLLOELASTAN CPL;4063;103504;238
1201416;MAYER: 054679.0 ESPIGA ROSCADA CINADA;9080;189754;246
1201417;MAYER: 051037.0 DISCO A 4,3 CINCADO (A2A) ISO 4042 A 4,3;9009;258358;276
1201418;MAYER: 053359.0 TORNILLO CABEZA LENTICULAR TORX (T20) 4 X 6;879;231313;434
1201419;MAYER: 051258.0 RESORTE DE DISCO;2582;444223;262
1201420;MAYER: 267636.0 LEVA DE TEJIDO ZA CPL 0,6-1,8;6851;19770;235
1201421;MAYER: 267588.0 LEVA A 1G;6121;132145;339
1201422;MAYER: 267591.0 LEVA A2G;213;139577;337
1201423;MAYER: 222122.0 TORNILLO L:16;2810;43762;204
1201424;MAYER: 282056.1 ANILLO CPL;8328;307070;175
1201425;MAYER: 387292.0 ALIMENTADOR DE ELASTANO;6387;106102;61
1201495;MAYER: 191215.0 MANDO;2545;89823;357
1201605;MAYER: 149516.0 CIERRE CPL;5539;193390;125
1201613;MAYER: 188774.0 TRANSMISION;252;229216;11
1201743;MAYER: 0344770.0 CONISEP ELECTRONICO;5690;227003;231
1202009;VANGUARD: 108855-02 PIÑON DEL FALDEADOR 15D;355;487186;420
1202011;VANGUARD: 1806439 RODAMIENTO PARA PIÑON DEL FALDEADOR;4768;148195;482
1202012;VANGUARD: EJE DE RODAMIENTO DEL FALDEADOR (ASIENTO DE RODAMIENTO DE AGUJAS);3398;140938;476
1202235;MAYER: 203654.0 FORNISOR;7885;305905;356
1202316;MAYER: RESORTE A GAS N.69079;4393;63287;333
1202855;MAYER: 139205.0 CEPILLO CIRCU;6167;294159;119
1202936;MAYER: 128470.0 RESORTE TRACCION AL. 2.25 ASTM 227 CL. IIX EXT 14 X LC 113.50 + OJALES;1187;162442;147
1203012;TINTA PARA MARCAR TELA: COLOR AMARILLO FUERTE BUXADERA X 5 LTRS;1500;387730;373
1203013;TINTA PARA MARCAR TELA: COLOR ROJO BUXADERA X 5 LTRS;7275;64019;363
1203014;TINTA PARA MARCAR TELA: DOSIFICADOR X 200ML BUXADERA;7309;145490;137
1203015;TINTA PARA MARCAR TELA: PICO PARA DOSIFICADOR;751;66784;147
1203016;TINTA PARA MARCAR TELA: DOSIFICADOR X 200ML BUXADERA + PICO DOSIFICADOR;882;174338;116
1203024;MATSUYA: EW0002B MAIN MOTOR;6369;101927;152
1203027;MATSUYA: DTE3006C TAKE-DOWN MOTOR AND WIRES;2005;98805;226
1203028;"MATSUYA: DTD0011B TIMING BELT FOR 68""";4426;55145;70
1203031;MATSUYA: DTT0005 TAKE DOWN CHAIN WHEL;1615;289183;474
1203032;MATSUYA: EE9213 INVERTER FR-D720-0.75K;2150;445938;157
1203046;MATSUYA: DTE3006C TAKE-DOWN MOTOR + WIRES + GEAR HEAD SGN 180K;515;154511;258
1203047;MATSUYA: EE9506C STITCH MOTOR;8291;81198;214
1203251;PROTECHNA: VA-00073 CENTRAL;7706;120839;428
1203274;MAYER: CINTA MEMMINGER 6200MM;2288;106217;367
1203282;MAYER: CINTA MEMMINGER 6400MM;4175;352765;124
1203290;cinta de alimentacion memminger Nº7200;3382;283297;102
1203291;MAYER: 001-100-151-02 CLUTCH L 20;78;269300;43
1203292;MATSUYA: EE9506-1B-3 STITCH STEPPING MOTOR;6574;14972;283
1203294;MATSUYA: DTE2006A STEPPING MOTOR FOR CAM;9475;329638;304
1203296;MATSUYA: NTD00060 CATERPILLAR CHAIN FOR M-100;9855;418008;204
1203297;MATSUYA: NTE 4019B-L/O BOARD CABLE;7594;133774;342
1203298;MATSUYA: ANTE2006A TAKE DOWN MOTOR Y GEAR HEAD;5102;222988;451
1203299;MATSUYA: NTE2001A CTL BOARD;8792;300265;274
1203300;MATSUYA: NTE2002 L/O BOARD;349;243137;216
1203301;MATSUYA: DTT0004A CHAIN 3/8;1920;100224;118
1203302;MATSUYA: RJF0009 CHAIN WHEELL;1693;494638;70
1203304;MAYER: CINTA MEMMINGER 7400MM;4654;4203;234
1203320;CINTA MEMMINGER 7800;6283;214294;225
1203339;MAYER: CINTA MEMMINGER 8400MM;5021;370852;274
1203347;MAYER: CINTA MEMMINGER 8600MM;5167;385269;328
1203355;MAYER: CINTA MEMMINGER 9800MM;7512;348862;346
1203363;MAYER: CINTA MEMMINGER 6800MM;9676;15556;482
1203371;MAYER: CINTA MEMMINGER 8000MM;6580;44005;326
1203398;MAYER: CINTA MEMMINGER 9000MM;9154;312434;256
1203400;MEMMINGER: PULSONIC 6 OILER STANDARD 12 X LUBRICATING POINTS;7968;289472;30
1203401;MAYER: CINTA MEMMINGER 10800MM;8635;340221;446
1203436;MAYER: CINTA MEMMINGER 9400MM;98;168662;494
1203517;MAYER: O RING 130 X 3.53;919;481215;141
1203568;cinta de alimentación MEMMINGER Nº7000;4137;94593;298
1203649;MAYER: O RING 150 X 3.53;4859;394061;447
1203762;MAYER: 139024.0 ARBOL;1611;499704;155
1204525;ORIZIO: 0050990N MODULO LCD LMG 7400 PLFC HITACHI;50;247563;340
1204807;MAYER: 345618.0 DISPARO TEJIDO;3246;282602;453
1204874;LONATI: ELECTROVALVULA D4900832 - VERSION CHINA;715;120354;373
1205307;MAYER: 194242.0 SERVOREGLER;4138;117809;200
1205308;MAYER: 197750.0 COMANDO DE MANEJO DE LA PANTALLA USADO;1466;202274;106
1205311;ORIZIO: PLC + PLACA USADO MAQ. 97-98;5790;99382;74
1205692;MAYER: 140413.0 TRINQUETE;8391;193363;205
1205706;MAYER: 140412.0 TRINQUETE MAND;5189;334247;92
1205803;MAYER: 140414.0 TRINQUETE;2513;37096;103
1205897;MAYER: 181143.0 TRANSMISOR;6858;307692;428
1205952;MAYER: TORNILLO CABEZA CILINDRICA HEXAGONAL EMBUTIDO 8 X 50 - ROSCA PASO 1,25 MM -;691;328237;47
1205954;MAYER: TORNILLO CABEZA CILINDRICA HEXAGONAL EMBUTIDO 6 X 35 - ROSCA PASO 1 MM;1890;417555;162
1205956;MAYER: TORNILLO CABEZA CILINDRICA HEXAGONAL EMBUTIDO 6 X 30 -ROSCA PASO 1 MM -;70;200513;307
1205957;MAYER: TORNILLO CABEZA BOTON HEXAGONAL EMBUTIDO 6 X 10 -ROSCA PASO 1 MM -;7938;277373;212
1205958;MAYER: TORNILLO CABEZA BOTON HEXAGONAL EMBUTIDO 5 X 10 -ROSCA PASO 0,8 MM -;4204;66880;207
1205960;MAYER: TORNILLO CABEZA HEXAGONAL 8 X 80 -ROSCA PASO 1,25 MM -;4679;186295;154
1205961;MAYER: TORNILLO CABEZA HEXAGONAL 8 X 15 -ROSCA PASO 1,25-;7448;228466;132
1205962;MAYER: TUERCA HEXAGONAL 8 X 1,25;3097;21241;39
1205963;MAYER: TUERCA HEXAGONAL 6 X 1;2060;365451;123
1205964;MAYER: TUERCA HEXAGONAL 5 X 0,8;6704;97148;303
1205965;MAYER: TUERCA HEXAGONAL 4 X 0,7;5540;377885;267
1205967;MAYER: TORNILLO CABEZA CILINDRICA HEXAGONAL 5 X 40 CON PASO 0,80;7342;62544;75
1205968;MAYER: TORNILLO CABEZA CILINDRICA HEXAGONAL 4 X 40 CON PASO DE 0,70;9079;386480;210
1205970;MAYER: ARANDELA VUELO CHICO PLANAS 10 MM;784;213881;410
1205971;MAYER: ARANDELA VUELO CHICO PLANAS 8 MM;612;399876;426
1205972;MAYER: ARANDELA VUELO CHICO PLANAS 6MM;9888;31402;215
1205974;MAYER: ARANDELA VUELO CHICO PLANAS 5 MM;3473;239829;476
1205975;MAYER: ARANDELA VUELO CHICO PLANAS 4 MM;4245;137010;124
1206176;MAYER: 222122.0 TORNILLO 4X12;7822;419314;12
1206230;MAYER: 181139.0 INTERRUP.GIRA;4234;53090;498
1206389;MAYER: 050317.0 RESORTE AJUSTE;9224;427175;95
1206475;MAYER: 373266.0 LLEVADOR;149;202850;193
1206524;MAYER: 362205.0 LEVA TEJIDO HI;3102;17287;486
1207782;CINTA MEMMINGER 8.800 MM;4826;112980;471
1207790;CINTA DE ALIMENTACIÓN Nº8200;6083;160466;76
1207792;MAYER: 054809.1 RESORTE PRES.;6417;473765;169
1207809;MAYER: CINTA MEMMINGER 660OMM;9718;41794;463
1207819;MAYER: 138431.0 PERNO RETEN;9876;101381;399
1208106;MAYER: 212969.0 KETTENRAD Z15;4552;414652;19
1208130;MAYER: 052913.0 RESORTE AJUS.;7155;216730;324
1208396;MAYER: 363026.0 TUBOS DE CERAMICA;7754;136345;229
1208398;MAYER: 129806.1 OJETE;9686;190791;67
1208841;MAYER: 186950.0 INTERR.PROTEC;1467;284471;135
1208876;MAYER: 186942.0 DISPOSITIVO;9249;340278;307
1208892;MAYER: 187257.0 CONDENSADOR;5192;81966;447
1208900;MAYER: 186952.0 RELE MOTOR;2624;480596;266
1208943;MAYER: 186955.0 FILTRO;6271;281293;76
1208978;MAYER: 188771.0 TRANSFORMADOR;1116;405844;356
1209206;MAYER: 054531.1 RUEDA CALIDAD;8733;322912;103
1209214;MAYER: 055438.0 TUBO TECALAN;2669;78562;199
1209220;MAYER: 056955.0 AMORTIGUADOR DE GOMA;4872;32626;336
1209230;MAYER: 055690.0 RESORTE TRAC.;4656;169043;330
1209426;MAYER: 271390.0 TOBERA CPL.;6019;426317;209
1209705;MAYER: 225998.0 CUBIERTA ROJA;4806;153751;60
1209902;MAYER: 140415.0 TRINQUETE;6710;46481;469
1210501;MAYER: 140404.0 TUERCA 13-28;7111;486605;408
1210830;MEMMINGER: 003-100-023-52 AVISADORES P/LYCRA;1867;495897;32
1210832;MEMMINGER: 001-001-200-34 MPF 20 FORNIZOR;5637;488983;126
1210835;MEMMINGER: 001-100-090 TENSIONER G1;1981;174787;41
1210836;MEMMINGER: 010-100-138-02 NUCLEO CENTRAL DE VENTILADOR;4283;279781;99
1210838;MEMINGER: 001-008-200-02 MPF 10 FORNIZOR;2521;23769;370
1210935;MEMMINGER: PANEL SUPERVISION NETWORKER 031-000-033-50 3;4094;8282;142
1211102;MAYER: 138286.0 CASQUILLO;8464;381766;433
1211357;MAYER: 051248.0 ARAND.DE SEGUR;787;125036;250
1211359;VANGUARD: 108879 - Creamallera del faldeador;6509;395191;230
1211491;MAYER: CINTA MEMMINGER 11200MM;5904;316454;121
1211542;MAYER: CINTA MEMMINGER 9200MM;7685;230310;162
1211677;MAYER: 268545.2 LEVA;7275;75675;386
1211678;MAYER: 247196.3 LEVA;6737;434982;75
1211802;MEMINGER: 003.100.104 AVISADOR DE LYCRA;5291;99624;488
1211803;MEMMINGER: 100.910.412.00 A.P/LISTADORA;2929;231047;115
1211804;MEMMENGER: AVISADOR PARA LYCRA (CHINO);8785;212786;13
1211948;MAYER: 055024.1 MANIJAS;3298;159722;340
1212126;MAYER: 050986.0 ARBOL;7789;436459;111
1212193;PROTTI: 18523 MICRO C/CABEZA R;4909;196941;197
1212228;PROTTI: 26373 LAMPARA P/AVISAD;1965;284819;91
1212370;PROTTI: 17835 LAMPARA SEMAFORO;7162;46807;196
1212448;MEM: 050.100.209 PLAQUETA;2784;316638;338
1212740;MAYER: 365302.2 ENCODER;5472;173443;137
1212813;MEMINGER: 003.100.102 PLACA ELECTRONICA;7006;86560;325
1212900;PROTTI: 80226;5016;29098;148
1212901;PROTTI: 80242;8914;35610;95
1212902;PROTTI: 27220;4482;112446;97
1212903;PROTTI: 26253;1178;265626;98
1212904;PROTTI: 21098;3698;1615;327
1212905;PROTTI: 25995;1703;329158;456
1212907;PROTTI: 27068;1069;499064;290
1212908;PROTTI: 80249;6049;327901;349
1212910;PROTTI: DESLIZADOR DE PICO;4186;357651;256
1212911;PROTTI: EJE MOTOR PASO-PASO;1148;65715;119
1212912;PROTTI: MICRO DE BARRA COMANDO;5136;351285;394
1212913;PROTTI: MOTOR PASO-PASO;4198;304337;327
1212914;PROTTI: MPX 13;4416;57930;470
1212915;PROTTI: PALPADOR DE ANTIRREMONTADA;2220;473868;429
1212916;PROTTI: PM 50 80235;2449;301294;384
1212920;PROTTI: PLACA CONTROL GUIA HILOS;3759;440859;316
1212921;PROTTI: PLACA CONTROL TIRA;1995;91965;189
1213355;MAYER: PLACA MADRE - MAQUINA Nº 86;4014;396339;439
1213356;MAYER: DISPLAY DE MAQUINA 86;2738;114672;209
1213361;MAYER: PLACA MADRE - MAQUINA Nº 13 US;299;126789;63
1213362;MAYER: PLACA MADRE + PLACA DE POTENCIA MAQ: 13 US;97;43690;381
1213363;MAYER: PLACA MADRE + PLACA POTENCIA MAQUINA Nº13 US;4699;365633;125
1213364;MAYER: PUENTE DIODO US;4816;166853;155
1213367;MAYER: MODULO + PLACA + DISPLAY MAQ: 13 US;9815;466593;226
1213430;MAYER: ELEMENTO DE PARO SFE;8898;492590;230
1213541;MAYER: INVERTER 7,5 KW ARG;4604;417289;475
1213652;MAYER: INVERTER SJ 100 - 7,5 KW;2233;40703;391
1250365;MEMMINGER: 042-000-000 MLT WESCO C/MANUAL INST;2367;436527;407
1302533;BOMBA: TRASVASE TELESCOPICA PARA TAMBORES DE 200 LTRS.;8425;497070;13
1303312;MAYER: CINTA MEMMINGER 7600;2080;33787;345
1307542;ALCOHOL: ISOPROPILICO EN AEROSOL;3368;32635;295
1312279;JERINGA: DESCARTABLE 10CM3;9646;215540;452
1335694;JERINGA: DESCARTABLE 60 ML;7176;129439;46
2000012;LED: TIRA 12V BLANCA PARA TEJEDURIA;2458;215371;284
2000014;LED: TIRA LED LUZ DIA 24 VDC X 5 MTRS -(PARA MAQUINAS CIRCULARES-TEJEDURIA);7319;426046;115
2000147;POTENCIOMETRO: B 1 K;7979;88945;94
2000150;CAPACITOR: ELECTROLITICO 22.00 µF 450V;3782;317642;441
2000170;CAPACITOR: ELECTROLITICO 22.00 µF 400 V;1094;431722;336
2000171;CAPACITOR: ELECTROLITICO 20.00 µF 400V;7483;177508;475
2000277;CONVERTIDOR DE FRECUENCIA: 0.37 KW 200-240V 3X220VA MODELO: ATV12H037M2;8732;436135;241
2000285;CONVERTIDOR DE FRECUENCIA: 0.75 KW 200-240V 3X220VA MODELO: ATV12H037M2;4194;120672;103
2000334;DIODO: PUENTE 3A - 1000V;7834;2233;114
2000533;PLC: LOGO POWER 1.3 220VAC/24V;247;2223;291
2000706;CONVERTIDOR DE FRECUENCIA: ALTIVAR 930 0,75KW-1 HP - 380/480V. MODELO: ATV 930 UO7N4;5917;277576;207
2000715;CONVERTIDOR DE FRECUENCIA: ALTIVAR 320 0,37KW-0,5HP - 200/240V MODELO ATV320U04M2C;5896;166306;386
2001007;LUMINARIA: REFLECTOR LED 30W 6000K;1980;120867;117
2001021;LAMPARA: LED 220V E27 10W LUZ FRIA.;3934;133485;299
2001036;LAMPARA: TUBO LED 24 W 4000K 1 PUNTA (AKAI);6077;69107;242
2001041;LAMPARA: LED E40- 120W- 6000K;410;126814;15
2001107;LAMPARA: TUBO LED AKAI 45W 6500K;847;232245;381
2001117;LAMPARA: LED REFLECTOR 50W ( KLOVER);1637;101608;416
2001245;PILA: 3V CR 2016;877;362245;11
2001659;TERMINAL DE COBRE: S 6.00 MM² - OJAL 6.5 MM;3268;338872;339
2001685;CAJA ESTANCA: 210 X 210 X 110;7048;142245;252
2001686;CAJA ESTANCA: 165 X 165 X 80;219;222215;338
2001718;CABLE: VN2000 1· 2.50MM2 ROJO;3990;363874;242
2001734;CABLE: VN2000 1· 2.50MM2 CELE;1544;384911;130
2001801;CABLE: VN2000 1· 6.00MM2 ROJO;2757;248808;164
2001844;CABLE: VN2000 1· 1.50 MM². MARRON;7028;468118;147
2001860;CABLE: VN2000 1· 1.50 MM². CELESTE;4174;198857;416
2001899;TERMOCONTRAIBLE: 2,5 MM;6622;403408;114
2001900;TERMINAL DE COBRE: S 10.00 MM² - OJAL 5 MM;5003;19307;356
2001902;TERMINAL DE COBRE: S 16.00 MM² - OJAL 6.5 MM;1605;157789;350
2001912;TERMINAL DE COBRE: S 50.00 MM² - OJAL 13 MM;4338;447760;236
2001946;TERMOCONTRAIBLE: 12 MM;8266;163876;217
2002086;EMPALME RECTO CU-SN S: 6,00;5132;52427;73
2002104;FORZADOR DE AIRE: 24 VCC 60 X 60 X 20 MM;898;378305;80
2002132;EMPALME RECTO CU-SN S: 50,00;5351;459133;273
2002493;ZOCALO: LAMPARA FLUORESCENTE (20-40-58W) - LED;6458;285455;344
2002543;BORNERA: PUENTE FIJO P/BP 10;653;425306;473
2002655;ZOCALO: 105W FLUORESCENTE JUEGO;2043;312206;376
2002919;PULSADOR: P/SELECT.3POS.C/VUEL.D;8030;288341;124
2002932;SELECTORA: MANETA CORTA 1NA-1NC - 2 POSICION FIJA - XB4-BD25;9356;330407;418
2002957;FORZADOR DE AIRE: 24 VCC 80 X 80 X 25;1276;148097;27
2003042;EQUIPO: LUZ DE EMERGENCIA ATOMLUX M400;2053;343114;36
2003132;LAMPARA: TUBO LED 18/16 W LUZ FRIA/DIA (AKAI) REEMPLAZA FLUORESCENTE 36W;2741;469987;463
2003133;LAMPARA: PUNTERA PARA TUBO LED;2965;144415;26
2003134;LAMPARA: TUBO LED AKAI 40 WTS 35.000 HS CONEXION 2 PUNTAS;756;74511;412
2003472;POTENCIOMETRO: PERILLA RB;4501;385989;474
2003480;POTENCIOMETRO: MULTIVUELTA 1K;9805;65646;29
2003643;TRANSFORMADOR: 220V - 18 V 1A - 2A;4988;136680;65
2003783;LAMPARA: TUBO LED 12W 220V CIRCULAR;6540;469047;297
2004216;BORNERA: BP-10 750v 10 mm²;6949;114981;276
2004445;CARBON: 5 X 8 X 25;4255;368958;63
2004593;FORZADOR DE AIRE: 220 VAC 92 X 92 X 25 MM.;1372;354510;336
2004628;ASPA PLASTICA PARA VENTILADOR DE MOTOR ELECTRICO: Ø 235, Ø EJE 34;5964;364435;76
2004835;TOMA: CTE HEMBRA VLT 3PNT 16A;8340;399752;291
2004851;TOMA CORRIENTE: 32A HEMBRA - VOLANTE 3P + N + T PKY32M435;8720;30410;213
2004996;TOMA: CTE MACHO VLT 3PNT 16A;6671;497193;256
2005123;ESTAÑO: 0.7 ALAMBRICO 60+40 (BOBINA X 250 GRS);5876;202517;172
2005362;PILA: RECARGABLE TAMAÑO AA 1,2V, 1000 MAH;4117;217164;39
2005786;FICHA: TOMACORRIENTE 2 POLOS + PUESTA TIERRA 220V 10A HEMBRA PUNTAS PLANAS;8696;3680;218
2005842;TOMA: CTE HEMBRA EXT.2PNT 16A;4435;479766;210
2005859;POTENCIOMETRO: 1 VUELTA 1K;8258;331078;463
2006103;PRECINTO: 370 X 7,6 MM ALT.7;2417;126359;166
2006235;LAMPARA: 24V 1.2W W2 X 4.6D PARA FORNISORES.;8965;330879;140
2006298;CABLE: VN2000 1· 50.00MM2 V/AM;6596;352047;399
2006758;lamapra 24v. 60w;2760;356708;424
2007003;DIODO PUENTE: RECTIFICADOR 1A -1000V MONTAJE SUPERFICIAL;5356;15388;40
2007019;TOMA: CTE HEMBRA EXT.3PT 16A - PKF16W434;5083;330171;138
2007020;TOMA CORRIENTE: 32A HEMBRA - P/EMBUTIR 3P + T PKY32F434;1033;25044;318
2007021;TOMA CORRIENTE: 32A MACHO - VOLANTE 3P + T PKX32M434;7434;277829;184
2007022;TOMA CORRIENTE: 32A HEMBRA - VOLANTE 3P + T PKY32M434;1795;318902;451
2007027;TOMA: CTE MACHO VLT 3P T 16A PKX16M434;5893;254977;304
2007035;TOMA CORRIENTE: 16A MACHO - VOLANTE 2P + T PKX16M423;1736;455700;266
2007051;TOMA: CTE MACHO VOLT.3P-T-16A;8254;466471;300
2008024;TOMA CORRIENTE: 16A HEMBRA - P/EMBUTIR 2P + T PKY16F423;981;271280;239
2008378;BORNERA: 6 BORNES MOTOR MTA;918;303119;160
2008793;PRECINTO: 100 X 2,5 MM ALT.1;8277;182088;204
2008815;CABLE: VN2000 1· 1.00MM2 NEGR;2303;79894;256
2008858;CABLE: TPR 4 X 1.00 MM2;8091;428885;86
2008866;CABLE: VN2000 1· 6.00MM2 NEGR;4027;463097;40
2008904;CABLE: TPR 2 X 1.50 MM2;9711;374397;52
2008920;CABLE: TPR 3 X 1.00 MM2;1461;398574;472
2008939;CABLE: TPR 3 X 1.50 MM2;1702;172279;175
2008947;CABLE: TPR 4 X 1.50 MM2;2076;104642;472
2009048;PRECINTO: 200 X 4,8 MM ALT.3;2014;59812;471
2009056;PRECINTO: 300 X 7,6 MM ALT 6;8262;449785;405
2009064;PRECINTO: 250 X 4,8 MM ALT.4;1613;270510;28
2009154;ASPA PLASTICA PARA VENTILADOR DE MOTOR ELECTRICO: Ø 137, Ø EJE 17;3953;38888;357
2009528;RESISTENCIA: 47.0 K-OHMS;2279;427397;176
2009986;PORTALAMPARA: E 27 DE PORCELANA.;4748;281436;377
2010046;CABLE: TPR 4 X 2.50 MM2;8101;462100;40
2010062;CABLE: TPR 3 X 2.50 MM2;1699;403833;120
2010143;CABLE: SINTENAX 4 X 4.00MM2;2300;28858;353
2010198;PLC: FUENTE SITOP 2A. SIEMENS 6ES7 307-1BA01-0AA0;3976;364934;110
2010240;CABLE: SINTENAX 4 X 2.50 MM2;7940;2055;316
2011109;FORZADOR DE AIRE: 24 VCC 92 X 92 X 25 MM;8485;485894;359
2011133;CABLE: VN2000 1· 1.00MM2 ROJO;7588;37908;342
2011168;CABLE: VN2000 1· 1.00 MM². BLANCO;1866;59054;262
2011347;GUARDAMOTOR: 20,00 - 25,00 A S0 SIRIUS;6008;231220;405
2011352;BATERIA: 9.0V;9460;163414;292
2011506;ASPA PLASTICA PARA VENTILADOR DE MOTOR ELECTRICO: Ø 120, Ø EJE 14;1740;451280;229
2011603;RESISTENCIA: 68.0 K- OHMS ½W;2711;73206;393
2012448;TOMA: BIPOLAR MULTIPLE (ZAPATILLA);4814;292392;368
2013053;CAJA ESTANCA: 162 X 285 X 100 MM - IP65;4660;399841;325
2013126;PUENTE RECTIFICADOR PF 60 ...;6960;456985;368
2014754;PLS: PULSADOR DE EMERGENCIA C/LLAVE -XB4-BS9445;9200;72525;399
2014789;TABLERO: P/TOMA INDUST.1T MINI;4620;446490;80
2015346;BORNERA: SYBYD 1002 5.5MM2 30A;1304;43264;138
2015897;TERMOCONTRAIBLE: Ø 6,0 MM;4259;315182;390
2015898;TERMOCONTRAIBLE: 5 MM;2148;69866;457
2017165;CARBON: 4 X 5 X 17 MM;5163;357279;46
2017644;RELE: ZOCALO 4 CONTACTOS -7A - AEA;566;158010;190
2017970;LAMPARA: LED 220V E40 60W 6500K;2979;54328;449
2018045;TERMISTOR: NIC;4721;245036;407
2018071;CARGADOR PARA TELEFONO -CELULAR-;2917;461289;458
2019992;MICRO: SEGURIDAD CLAVIJA GRAND;3682;473773;311
2020296;VARISTOR: 40V 14N680K-S14K40;9291;286257;64
2020397;TERMOCONTRAIBLE: Ø 3,0 - 1,5 MM;2337;294745;369
2020398;TERMOCONTRAIBLE: 0.5 MM;9034;209893;307
2022165;TAPA: PLASTICA 100 X 100 MM..;468;380118;18
2022479;CAPACITOR: ELECTROLITICO 35.00 µF 400V;7188;90722;52
2022496;F: CUTTER TIPO MANOPLA DE 8MM;749;51557;326
2022614;TERMOCONTRAIBLE: 9 MM;3299;191059;448
2022630;TERMOCONTRAIBLE: 19 MM;8769;210955;390
2022818;CABLE: TPR 2 X 1.00 MM2;3340;349631;414
2023757;PLC: FUENTE SITOP 5A. SIEMENS 6EP1 333-2BA00;3489;295143;443
2024001;TERMINAL: CABLEADO 2.50 MM2;413;181032;167
2024223;OPTOACOPLADOR: PC817;7344;26381;358
2024417;BORNERA: PUENTE FIJO P/BP 4;3284;449423;464
2024696;TERMINAL: CABLEADO 0.75 MM2;8939;49399;313
2024704;TERMINAL: CABLEADO 1.00 MM2;8063;477965;280
2024712;TERMINAL: CABLEADO 1,50 MM2;4844;110530;300
2024880;SWITCH: BLOQUEO PUERTA;8247;283292;246
2025313;FICHA: TOMACORRIENTE 2 POLOS + PUESTA TIERRA 220V 10A MACHO PUNTAS PLANAS;582;101565;86
2025702;BORNERA: SYBYD 1011 3.5MM2 20A;1917;3147;320
2027582;PORTALAMPARA: TUERCA 3/8 PARA PORTALAMPARA E27;5195;311566;138
2027616;BORNERA: BP-2,5 750V 2,5MM2;6527;43907;238
2027632;BORNERA: BP-4 750V 4MM2;5953;439952;265
2027675;PRECINTO: 300 X 4,7 MM ALT.5;2899;193247;14
2027683;PRECINTO: 150 X 3,6 MM ALT.2;4332;397122;63
2028241;RESISTENCIA: 6.8 K- OHMS ¼W 5%;7898;277073;441
2029758;FORZADOR DE AIRE: 220 VAC 119 X 119 X 39;2075;169637;434
2029935;PROTTI: SERVOMOTOR 2000RPM;9740;411272;30
2029950;BORNERA: BP-4 AZUL 750V 4MM2;2087;294537;371
2029969;BORNERA: BP-4 ROJO 750V 4MM2;2668;367343;425
2030257;CABLECANAL: PERISCOPIO UNIVERS;1716;311499;399
2030418;BORNERA: SYBYD 1001 2.5MM2 10A;5204;266747;166
2030772;CONVERTIDOR DE FRECUENCIA: ALTIVAR 320 7.5KW - 10HP - 380/500V. MODELO ATV320U75N4B;9565;106952;315
2030800;BATERIA: 6V 4,5 AH C/GEL;8833;354491;298
2030880;FORZADOR DE AIRE: 220 VAC 119 X 119 X 38;307;73654;479
2031176;CARBON: 6.0 X 8.0 X 20 MM 1CTA (MM6);8689;262184;165
2031999;CAPACITOR: ARRANQUE 16 µF 450V;5775;249515;87
2034643;HER: CUTTER HOJA 18MM;4625;228277;259
2034850;FORZADOR DE AIRE: 24 VCC 119 X 119 X 38 MM C/ RULEMANES;8009;388090;205
2035244;LAMPARA: FLUORESCENTE 36W-LUZ DIA-;963;391434;255
2035362;PILA: ALCALINA TAMAÑO AAA 1.5V;7604;6474;365
2036726;RESISTENCIA: 4.7 K- OHMS ¼W 5%;9587;7763;346
2036941;CAPACITOR: ELECTROLITICO 220.00 µF 16V;7603;497167;53
2038224;CUPLA 1/4;2937;326886;36
2038595;TRANSFORMADOR: 220V - 24 V (P/TIRA LED);625;417560;99
2038596;FUENTE DE ALIMENTACION: 220V A 24V-5 AMP.(PARA MAQUINAS CIRCULARES-TEJEDURIA);1252;101943;377
2038638;VENTILADOR: PARED INDUSTRIAL 26;5788;369493;248
2100020;ESPEJO: METALICO DENTAL;3782;368505;152
2100021;ESPEJO: MANGO INOXIDABLE PARA ESPEJO;945;291223;222
2100053;F: PINCEL 1 PULGADA N.10;9053;431816;36
2100061;F: PINCEL 1 1/2 PULGADA N.15;6076;474454;35
2100096;DECAPANTE: P/SOLDAR ESTAÑO - PASTA PARA ESTAÑAR;504;262855;210
2100114;GANCHO: TENSOR P/ALAMBRE5/16X7;4269;14023;137
2100118;F: HOJA SIERRA Z 24;1834;278029;331
2100134;F: HOJA SIERRA Z 18;4951;287517;374
2100150;F: CANDADO 40 MM;2044;375216;262
2100169;PILA: ALCALINA TAMAÑO AA 1.5V;6339;98115;184
2100170;BISAGRA: PARA MUEBLE;6683;491464;384
2100215;F: TELA ESMERIL 120 MEDIA;7679;190689;302
2100221;BURLETE: RECTANGULAR GOMA ESPONJA 5 X 10 MM;3017;272420;208
2100223;F: TELA ESMERIL 180 FINA;9906;314849;190
2100229;RESORTE: TRACCION 1.5 X 8 MM;134;374024;170
2100230;RESORTE: TRACCION 1.0 X 12 MM;399;103752;456
2100242;F: RODILLO PARA EPOXI 170 MM;2313;182720;298
2100243;F: RODILLO PARA SINTETICO 50MM;2299;315099;142
2100244;F: RODILLO PARA SINTETICO 80 MM;4750;112354;69
2100266;F: PENETRIL LUBRICANTE MULTIUSO-WD40-WD80;7842;8955;405
2100282;F: TACO S 06 FISCHER;2113;41400;295
2100290;F: TACO S 08 FISCHER;1383;73308;21
2100304;F: TACO S 10 FISCHER;5561;181783;31
2100487;F: CINTA TEFLON 19MM SELLAROSC;314;213200;379
2100495;F: CINTA AISLADORA;7901;464324;129
2100496;F: CINTA AISLADORA- VERDE Y AMARILLA;4924;142731;465
2100709;FESTO: MANOMETRO MA 40-10-1/8;6032;290599;200
2100810;VALVULA ANTIRRETORNO HGL-1/4-B;2649;172106;240
2100983;TUERCA: HEX M 05;1545;453765;310
2100991;TUERCA: HEX M 06;4084;470557;142
2101000;CHAVETA: ACERO SAE 4 X 4 X 10;9964;214004;484
2101003;CHAVETA: ACERO SAE 4 X 4 X 16;549;199173;75
2101009;TUERCA: HEX M 08;3403;362951;273
2101017;TUERCA: HEX M 10;5357;85199;468
2101020;CHAVETA: ACERO SAE 8 X 7 X 63;6661;370922;492
2101023;CHAVETA: ACERO SAE 10 X 8 X 25;8188;451270;413
2101025;TUERCA: HEX M 12;9218;119611;163
2101028;CHAVETA: ACERO SAE 12 X 8 X 50;9122;16179;84
2101033;ARANDELA: PLANA 5 MM;1558;220570;269
2101041;ARANDELA: PLANA 6 MM;7470;413110;396
2101057;FESTO: CONEC Y QSY-06;2673;249748;377
2101066;"TORNILLO: AUTOPERFORANTE HEXAGONAL CON ARANDELA T2 14 X 1"" (6.3 X 25 MM)";6748;185487;455
2101068;ARANDELA: PLANA 8 MM;4191;441430;169
2101071;ARANDELA PLANA BICELADA: Ø 5MM;1092;241925;104
2101076;ARANDELA: PLANA 10 MM;5089;374423;391
2101083;"TORNILLO: AGUJA CABEZA TANQUE - ARANDELA T1 8 X 1"" ZINCADO";2615;3410;352
2101084;ARANDELA: PLANA 12 MM;7719;96999;279
2101092;ARANDELA GROWER: 5 MM .......;4639;229493;371
2101095;"TORNILLO: AUTOPERFORANTE CABEZA FIJADORA PUNTA MECHA T1 8 X 1 "" (4.2 X 25 MM) ZINCADO";8651;426796;295
2101096;"TORNILLO: AUTOPERFORANTE CABEZA FIJADORA PUNTA MECHA T1 8 X 3/4"" (4.2 X 19 MM) ZINCADO";529;332947;72
2101100;PRISIONERO: M 6 X 25;8066;453067;91
2101106;ARANDELA GROWER: 6 MM .......;5500;162847;112
2101110;"TORNILLO: AUTOPERFORANTE HEXAGONAL SIN ARANDELA T1 12 X 1"" (4.8 X 25 MM)";240;244393;12
2101114;ARANDELA GROWER: 8 MM .......;3092;493275;397
2101130;ARANDELA GROWER: 12 MM .......;4052;397563;316
2101153;"TORNILLO: PHILLIPS FREZADO 4.5 MM X 1 1/2"" PARA MADERA";8836;167614;168
2101154;"TORNILLO: PHILLIPS FREZADO 4.5 MM X 2"" PARA MADERA";1713;411249;476
2101157;TORNILLO: RANURADO FREZADO 4 X 10 MM;5547;28385;247
2101158;TORNILLO: ALLEN FREZADO 5 X 10 MM;5763;197295;276
2101159;TORNILLO: PHILLIPS FREZADO 5 X 50 MM PARA MADERA;4698;172808;413
2101161;"F: TIRAFONFO 1/4"" X 3-1/4"" PARA TACO DE 1OMM";6824;53161;339
2101163;"TORNILLO: T2 6 X 1"" PUNTA AGUJA PARA DURLOCK";3331;36845;113
2101178;"TORNILLO: AUTOPERFORANTE CABEZA FIJADORA PUNTA MECHA T1 6 X 1/2"" (3.5 X 13 MM) ZINCADO";8142;387635;212
2101185;"TORNILLO: CABEZA TANQUE ARANDELA PUNTA AGUJA T1 8 X 1/2"" (4.2 X 13)";7891;339305;111
2101200;PRISIONERO: M 5 X 20;2321;51159;208
2101489;CINTA: REVESTIMIENTO CR V24 TETONES;4978;384116;65
2101491;ARANDELA: PLANA 16 MM;1245;180162;170
2101742;F: CLAVO 1;4561;386650;314
2101902;"F: TIRAFONDO 3/16X2 1/4"" PARA TACOS DE 8 MM";9683;93383;315
2101904;F: REMACHE POP 3.5 X 10;1172;422721;5
2101910;"F: TIRAFONDO 1/4"" X 2 1/2"" - PARA TACOS DE 10 MM";6996;308674;196
2101912;F: REMACHE POP 3.5 X 12;2011;48484;396
2101939;F: REMACHE POP 3.5 X 16;2212;495846;121
2101955;F: REMACHE POP 4.8 X 10 3/16X3/8;829;131687;54
2101971;F: REMACHE POP 4.0 X 16;7238;124801;79
2101977;ANILLO ELASTICO DE SEGURIDAD PARA EJE Ø 18 MM - DIN 471;4708;439738;288
2102013;F: REMACHE POP 5 X 12 MM;5881;465959;134
2102048;F: REMACHE POP 5 X 16 MM;6923;122554;464
2102072;F: REMACHE ALU 3.0 X 8;4985;89823;68
2102099;A.I: CUPLA 1/4;8528;84495;201
2102224;F: TELA ESMERIL 80;296;442089;171
2102234;HG: NIPLE 1/2 X 50MM;8279;302824;15
2102269;ARANDELA: PLANA 3 MM;790;125031;136
2102285;HG: NIPLE 3/4 X 100MM;517;251262;158
2102471;"HG: TAPON 3/4""";3003;239252;420
2102609;"HG: CODO 90º M-H 3/4""";4362;87921;69
2102684;HG: REDUCCION 1 A 1/2;3429;100336;102
2102694;PP: TUBO H3 AZUL 2 1/2 X 6 M;7271;261418;162
2102707;RETEN: 25.00 47.00 07.00;6540;8142;279
2102778;RETEN: NITRILO 40.00 58.00 10.00 MM;9731;235834;177
2102919;PRISIONERO: M 10 X 12;6557;178753;258
2102935;ESPIGA: 6 X 20 MM;8941;179581;62
2102943;ESPIGA: 6 X 25 MM;273;283936;470
2102978;ESPIGA: ELASTICA 6 X 40 MM;870;170418;239
2102980;ESPIGA: ELASTICA 6 X 50 MM;8730;52324;139
2103117;F: TORNILLO P/TACO 8 MM P/DEST. PHILLIPS 4.5 X 35;2352;54005;266
2103126;F: TORNILLO P/TACO 8 MM P/DEST. PHILLIPS 4.5 X 40;8566;64936;130
2103133;F: TORNILLO P/TACO 5 MM P/DEST. PHILLIPS 3.5 X 25;6987;356889;460
2103230;F: TIRAF.P/TACO 6 MM-9/64X1 1/4;7643;135338;490
2103336;FESTO: ELECTROV. MDH-3/2-24DC;9928;301800;2
2103590;HIERRO: TRAFILADO 1050 Ø 8MM X 6 MTRS.;5159;132038;11
2103818;ARANDELA GROWER: 10 MM .......;4811;386565;117
2104091;TRABASIL: FIJADOR ROSCA RM1 - 250 GRS;8329;448426;86
2104172;HILO NYLON PARA COSER PELOTAS DE FUTBOL;6774;55584;343
2104210;PINTURA: LATEX INTERIOR GRIS CEMENTO;1547;370988;424
2104229;PINTURA: LATEX PARA EXTERIOR BLANCO;1378;95327;260
2104306;F: HOJA 9MM P/CUTTER TIPO MANOPLA;4845;61952;69
2104351;"TORNILLO: AUTOPERFORANTE CABEZA FIJADORA PUNTA MECHA T1 8 X 5/8"" (4.2 X 16 MM) ZINCADO";9986;285706;443
2104377;PINTURA: DEMARCACION AMARILLO;7078;312912;359
2104382;PINTURA: EPOXI PARA PISOS - AMARILLO( + ENDURECEDOR);509;3520;70
2104407;F: LIJA AGUA 180;8594;213222;41
2104408;F: LIJA AL AGUA 240;1712;344154;421
2104415;F: LIJA AGUA 60;7569;300762;200
2104474;F: CANDADO 30 MM;3216;137934;293
2104568;ABRAZADERA 8 - 16 MM;3447;181143;192
2104636;F: ENDUIDO PLASTICO X 1 KGS;3864;192695;420
2104709;CERRADURA: TIPO PRIVEE N.200;4621;47135;197
2104712;CERRADURA: PARA ESCRITORIO(PEQUEÑA);5028;435285;249
2104733;F: LIJA AGUA MEDIANA;6429;40391;100
2104790;FESTO: CONEC PASAMURO QSS-12;9527;455846;89
2104807;PRISIONERO: M 5 X 20;6579;82270;388
2104857;PINTURA: ESMALTE NEGRO;5124;415638;188
2104863;"CONECTOR: ROSCA H 1/4"" ESPIGA 8 MM";4125;12544;179
2104881;VARILLA: ROSCADA M 5;1903;239488;152
2104910;BURLETE AUTOADHESIVO: GOMA ESPUMA 10 X 10 X 5M;8456;29401;186
2104911;TUERCA: HEX. AUTOFREN. M 08;8690;274354;88
2104915;BURLETE: AUTOADHESIVO DE GOMA ESPUMA 10 X 15 MM X 5MTS;7099;144598;346
2104919;CINTA: PAPEL 18 MM X 40 - 50 MTRS - PARA PINTOR;8410;437874;472
2104920;CINTA: PAPEL 48 MM X 50 MTRS - PARA PINTOR;5496;74282;52
2105012;F: CANDADO 50 MM;9294;475630;411
2105039;F: RODILLO PARA LATEX 220 MM;7102;134941;309
2105187;F: TACO S 12 FISCHER;2079;467611;424
2105275;HILO: POLIEST 42/2 X 5000 BLANCO;4344;184229;80
2105403;PINTURA: LATEX ROJO TEJA;1228;249107;37
2105799;TORNILLO: PHILLIPS 4 X 40 MM;7629;379629;285
2105853;"F: TIRAFONDO 1/4"" X 2 1/4"" - PARA TACOS DE 10 MM";2084;317707;334
2105999;ARANDELA COMPENSACION ONDULADA: 33,50 - 25,40 - 0,3 MM - COD: C25-E;1478;283490;144
2106257;CAMOZZI: ENCHUFE RAPIDO RACOR 5086 09;3175;402821;483
2106259;CAMOZZI: ENCHUFE RAPIDO RACOR 5680 09;6741;70809;5
2106346;FESTO: ELECTROV.CPE18-M1H5L1/4;2671;125550;53
2106590;MECHA DE ACERO RAPIDO: Ø 10.50 MM;4761;21095;410
2106620;MECHA DE ACERO RAPIDO: Ø 9.50 MM;598;260851;372
2106663;MECHA DE ACERO RAPIDO: Ø 8.50 MM;3117;361631;160
2106671;MECHA DE ACERO RAPIDO: Ø 8.25 MM;3379;10258;376
2106698;MECHA DE ACERO RAPIDO: Ø 8.00 MM;8056;97736;477
2106701;MECHA DE ACERO RAPIDO: Ø 7.75 MM;1705;472254;78
2106728;MECHA DE ACERO RAPIDO: Ø 7.50 MM;2999;191152;137
2106736;MECHA DE ACERO RAPIDO: Ø 7.25 MM;6138;466192;307
2106744;MECHA DE ACERO RAPIDO: Ø 7.00 MM;3402;477828;226
2106752;MECHA DE ACERO RAPIDO: Ø 6.75 MM;5722;263499;317
2106760;MECHA DE ACERO RAPIDO: Ø 6.25 MM;6669;126869;393
2106779;MECHA DE ACERO RAPIDO: Ø 5.75 MM;2478;450577;152
2106817;MECHA DE ACERO RAPIDO: Ø 4.25 MM;1417;231059;170
2106825;MECHA DE ACERO RAPIDO: Ø 3.25 MM;844;437305;427
2106868;"F: TIJERA TIPO SASTRE 8""";9290;270437;496
2106909;RETEN: NITRILO 17.00 40.00 08.50 MM;2323;127022;156
2106957;MANGUERA DE ALTA PRESIÓN 8 MM ROJA;2902;495152;333
2107005;ANILLO ELASTICO DE SEGURIDAD: DIN 6799 PARA EJE Ø 8 MM;5329;72775;318
2107521;F: HOJA SIERRA Z 32;4244;308589;415
2107562;MECHA DE ACERO RAPIDO: Ø 2.25 MM;386;414716;38
2107570;MECHA DE ACERO RAPIDO: Ø 2.50 MM;1554;485711;274
2107589;MECHA DE ACERO RAPIDO: Ø 2.75 MM;5221;122241;259
2107597;MECHA DE ACERO RAPIDO: Ø 3.00 MM;7943;31910;429
2107600;MECHA DE ACERO RAPIDO: Ø 3.50 MM;8710;103091;91
2107612;FESTO: CONEC Y QSY-10;3119;234362;274
2107620;FESTO: CONEC Y QSY-12;8355;392927;198
2107783;RETEN: NITRILO 40.00 52.00 07.00 MM;1973;349831;127
2107808;FESTO: CONEC X QSX-08;8380;468635;100
2108038;"MAYER: PICO PARA PISTOLA (FESTO) ROSCA 1/4"" LPZ-RG150-B (COD. 565317)";348;359136;12
2108316;INSERTO: M 06 - 1.00;536;48451;2
2108643;FESTO: PISTOLA P/AIRE LSP - 1/4 - C;6087;129303;104
2109432;PVC SANITARIO: CUPLA LISA 50;4788;74235;500
2109814;A.CA: CUPLA 3/8 SCH40;7515;35525;10
2110024;MECHA DE ACERO RAPIDO: Ø 3.75 MM;3181;75157;172
2110032;MECHA DE ACERO RAPIDO: Ø 4.00 MM;7831;80320;78
2110040;MECHA DE ACERO RAPIDO: Ø 4.50 MM;5076;455575;462
2110059;MECHA DE ACERO RAPIDO: Ø 4.75 MM;8141;328966;294
2110067;MECHA DE ACERO RAPIDO: Ø 5.00 MM;3538;479388;94
2110075;MECHA DE ACERO RAPIDO: Ø 5.25 MM;9285;112303;434
2110083;MECHA DE ACERO RAPIDO: Ø 5.50 MM;8993;82933;281
2110091;MECHA DE ACERO RAPIDO: Ø 6.00 MM;7437;52240;226
2110105;MECHA DE ACERO RAPIDO: Ø 6.50 MM;8740;27742;364
2110121;MECHA DE ACERO RAPIDO: Ø 11.50 MM;3846;478517;21
2110148;MECHA DE ACERO RAPIDO: Ø 12.00 MM;5732;270655;271
2110180;MACHO JUEGO M 05 X 0.80;1098;358848;241
2110990;"CORTACAÑOS DE COBRE 1/8"" A 5/8""";9234;181276;488
2111000;PINTURA: LATEX EXTTERIOR YAMA LIGHT SINTEPLAST;7116;396289;397
2111001;PINTURA: EPOXI AMARILLO GAS ( 2 COMPONENTES);8885;113118;173
2111002;ESPIGA: ELASTICA 6 X 100 MM;982;332901;289
2111006;PINTURA: ESMALTE SINTETICO GRIS ESPACIAL;5377;485866;397
2111009;PINTURA: LATEX MARRON AFRICANO;995;164926;36
2111016;PINTURA: ESMALTE SINTETICO GRIS PERLA;6332;93558;126
2111021;PINTURA EN AEROSOL CELESTE;3887;155832;380
2111026;PINTURA: BARNIZ;8502;350752;126
2111201;RETEN: 35.00 47.00 07.00;9309;381922;401
2111307;PP: R ENTREROSCA 3/4 A ESPIGA 3/4;1415;167066;359
2111608;BIDON: PLASTICO X 10 LTRS;3985;24079;79
2111772;A.I. TUERCA HEX M 12;1093;110950;199
2112176;ESPIGA: ELASTICA 3 X 40 MM;5256;362007;349
2112434;PVC SANITARIO: TUBO Ø 63 MM X 3.2 MM X 4 M;350;263289;55
2112590;TANZA: P/ALBAÑIL 1 MM X 100 M;3160;120696;159
2112639;A.I. TUERCA HEX M 06;773;84072;121
2112884;F: CIERRA PUERTA- BRAZO HIDRAULICO;3540;475832;294
2113799;HTA: LLAVE ALLEN T 4.00MM;1227;365326;14
2113988;F: PINCEL 2 PULGADA N.20;9232;176657;47
2113996;F: PINCEL 2 1/2 PULGADA N.25;4134;458844;326
2114976;TIJERA TIPO MODISTA 200 MM;5843;180366;483
2115360;PRISIONERO: M 6 X 15;6253;498805;283
2115603;MECHA: WIDIA 12 MM;5829;131466;378
2115913;VARILLA: ROSCADA M 8;3222;247764;464
2116064;RETEN: 40.00 58.00 08.00;8104;219188;68
2116308;VARILLA: ROSCADA M 6;2358;98058;99
2116405;ANILLO ELASTICO DE SEGURIDAD PARA EJE Ø 15 MM - DIN 471;3705;183348;237
2117460;RETEN: NITRILO 17.00 35.00 07.00 MM;3623;441657;101
2119983;PP: TUBO H3 VERDE 2 1/2 X 6M;9425;149108;242
2120062;F: YESO EN POLVO;2756;30405;348
2120224;"F: TIRAFONDO 5/16 X 2 1/4 "" - PARA TACOS DE 12 MM";9993;24876;210
2120237;"F: TIRAFONDO 5/16 X 2 1/2"" PARA TACOS DE 12 MM";9444;221524;39
2120283;"F: TIRAFONDO 3/16X2 3/4"" PARA TACOS DE 8 MM";7421;26804;127
2121298;PINTURA: ESMALTE GRIS;6782;20073;86
2121565;ESPIGA: ELASTICA 5 X 40 MM;5585;371977;369
2121673;FESTO: VALV.ESTRANG.GR-QS-8;7831;27022;286
2121735;CANDADO: LLAVE DOBLE PALETA 50MM;5009;332697;32
2122553;TUERCA: HEXAGONAL M 16 X 2.00;1675;359748;99
2122995;BIDON PLASTICO CAPACIDAD 20 LTRS;7654;280106;388
2123428;A.I. ARANDELA PLANA M 10;2290;294490;144
2123762;F: COPIA DE LLAVE;9574;337898;453
2124203;PINTURA: AEROSOL BLANCO;6592;345871;40
2124513;TUERCA: HEX M 04;7843;450818;182
2124572;ESPIGA: ELASTICA 4 X 40 MM;355;14248;380
2124769;F: HOJA CUTTER 18 MM;5930;286494;440
2125463;TUERCA: HEX M 03;2919;14985;381
2126206;GOMA: EVA PLANCHA 1 X 2 M. SUELA;1510;344391;79
2126354;PINTURA: DILUYENTE P/DEMARCACION VIAL;1959;5022;489
2126818;PASADOR: REFORZADO;3698;463979;84
2126923;ALEMITE: ROSCA 1/8 - RECTO;6341;60588;239
2127628;GOMA: EN PLANCHA 4,00 MM ANCHO 1 M;6403;350194;388
2128136;ANILLO ELASTICO DE SEGURIDAD PARA EJE Ø 12 MM - DIN 471;6714;378040;500
2128152;ANILLO ELASTICO DE SEGURIDAD PARA EJE Ø 16 MM - DIN 471;7989;403654;446
2129506;MECHA DE ACERO RAPIDO: Ø 13.50 MM;1697;436444;492
2129549;MECHA DE ACERO RAPIDO: Ø 11.75 MM;6518;326943;359
2129565;MECHA DE ACERO RAPIDO: Ø 10.75 MM;8152;50849;140
2129874;RELOJ PARA PARED;2660;239300;71
2129951;BIDON: PLASTICO X 5 LTRS;939;437920;485
2130019;F: HOJA PARA SIERRA CALADORA BOSCH T218A METAL;1431;230625;287
2130308;CAÑO ESTRUCTURAL: 25 X 15 X 1.5 MM X 6 M;3247;61648;40
2131526;ARANDELA: BISELADA 5/16;3710;292160;378
2132616;ESPATULA: METALICA 70 MM;1506;393381;449
2132618;ESPATULA: METALICA 170 MM;9876;16952;305
2132829;BURLETE: AUTOADHESIVO DE GOMA ESPUMA 10 X 10 MM X 5MTS;5536;204742;199
2132896;BISAGRA: LIBRO 50 X 15 MM;5161;403212;32
2133175;F: BISAGRA REFORZADA;1182;5387;43
2133254;"TORNILLO: AUTOPERFORANTE C/TANQUE ARANDELA PUNTA MECHA T1 8 X 9/16""";7714;299898;104
2134731;MACHO PARA ROSCAR M 3 X 0.50 MM;6101;181389;93
2135111;RETEN: NITRILO 25.00 32.00 04.00 MM;1348;110271;409
2135672;PAPEL: ESPAÑA 0.10 X 15 ANCHO;829;293259;352
2135967;TUERCA: HEX. AUTOFREN. M 10;9516;418771;154
2136364;PP: R ENTREROSCA 3/4;5150;425478;477
2140249;FESTO: CONEC Y QSY-1/4-8;9828;53636;376
2140971;PRISIONERO: M 8 X 12;8285;476265;128
2140972;PRISIONERO: M 8 X 25;9926;487922;454
2148444;ARANDELA: PLANA 4 MM;8186;258358;435
2149538;TUERCA: HEX. AUTOFREN. M 05;7754;132145;85
2149542;TUERCA: HEXAGONAL. AUTOFRENANTE M 12 X 1.75;4690;139577;330
2150120;VALVULA: ESFERICA CON ROSCA 3/4;2853;43762;277
2152809;HG: REDUCCION 1/2 A 1/4;441;89823;45
2152914;MAYER: PISTOLA DE AIRE LPS-14-C - CON BOQUILLAS INTERCAMBIABLE;4141;193390;380
2152916;MAYER: PISTOLA P/AIRE PICO CURVO G 1/4 (MICRO);3482;229216;24
2152919;F: VIRUTA DE ACERO;6872;153078;32
2152990;PINTURA: AEROSOL VERDE INGLES;5913;227003;175
2153654;F: TACO;2627;487186;389
2153908;JUEGO: CABLES PARA TESTER;1924;148195;44
2154274;"VALVULA: ESFERICA CON ROSCA 1/2""";6574;140938;179
2154837;TUERCA: HEX. AUTOFREN. M 06;6492;305905;28
2154888;CINTA: REVESTIMIENTO CORRUGADA MARRON 50 MM CR GS 18 AB 90;8727;361781;398
2159602;PRISIONERO: M 8 X 12;6204;222140;210
2159603;PRISIONERO: M 8 X 16;6847;370258;437
2161900;ZOCALO: ALUMINIO PARA PUERTA X 92;5406;407488;400
2166783;F: RESORTE DE COMPRESION 1 MM X Ø 8 MM;1311;294159;193
2167832;MECHA: ESCALONADA 4 - 32MM;2502;347902;198
2167833;MECHA: ESCALONADA 4 - 12MM;3847;387730;497
2170597;FESTO: RACOR QSH-10-8;6522;414377;217
2171234;PINTURA: COLOR YAMAL LIGHT (COD. 56B - 3D );2958;445938;308
2171325;PINTURA: POXIMIX;6201;328129;184
2175625;MANGUERA: FLEXIBLE POLIURETANO REFORZADA CON ESPIRAL EXTERNO DE ACERO Ø 50 MM;8025;378626;23
2175829;"TORNILLO: AUTOPERFORANTE HEXAGONAL SIN ARANDELA T1 10 X 1"" (4.8 X 25 MM)";5436;135159;495
2178911;FESTO: CONEC PASAMURO QSS-10;371;352765;275
2180376;FESTO: ELECTROV. CPE18-M1H-3GL;7249;465775;498
2191595;RETEN: NITRILO 35.00 47.00 07.00 MM;856;418008;293
2200064;LUBRICANTE: AEROSOL MULTIUSO W - 40;8185;222988;401
2200065;LUBRICANTE: MULTIUSO EN AEROSOL BARDAHL;8394;300265;35
2200325;GRASA: STABURAG NBU 12/300 KP;9061;100224;92
2200524;LUBRICANTE MULTIPROPOSITO: PENETRAT FLUID;4203;494638;255
2200570;GRASA: STABURAGS B 15 A ......;9191;4203;70
2200630;TEXTOL R - LITEZA;7603;370852;316
2201775;GRASA: ISOFLEX NCA 15;3851;15556;171
2202110;GRASA: RUNSPEED 152 RUNNER;4212;312434;57
2300036;COMBUSTIBLE: KEROSENE;2591;168662;380
2300044;COMBUSTIBLE: NAFTA;6533;497839;208
2300052;PINTURA: THINNER;5117;251572;202
2300109;VASELINA SOLIDA X 4 KGS;2384;385722;284
2300125;COMBUSTIBLE: NAFTA SUPER;5984;329810;58
2300219;LIMPIADOR: LITELUB IL CLEANER;2573;309434;181
2300990;VASELINA SOLIDA X 1 KG.;1336;481215;291
2406557;960 8M x20 mm;3249;28008;52
3000687;PIZARRAS BLANCAS APTA PARA FIBRA 80 CM X 120 CM;1180;137010;119
3000915;"F: TIJERA TIPO SASTRE 6""";5238;17287;392
3001431;CINTA: PAPEL DOBLE FAZ 12MM;6993;94170;190
3006885;INFORMATICA: MICROSD CARD 16GB;239;101381;371
3007780;TONER: CB / LH 285/435A/85A/35A;5400;258335;315
3203809;BOLSA: TIPO CAMISETA 45 X 60 CM;6235;322912;206
3300014;CINTA: EMBALAJE 24 X 40 M TRANSPARENTE;4454;169043;424
3300237;BOLSA: ROLLO 35 X 45;6690;426317;310
3300374;CINTA: EMBALAJE 72 X 100 TRANSPARENTE;9994;153751;141
3301322;CINTA: EMBALAJE 48 X 50 ROJA;4728;46481;372
3903873;SEGURIDAD: GUANTE ALGODON REVESTIDO NITRILO REFOR LIVIANO AMARILLO;8620;486605;491
5000425;GAVETA: NEGRA PLASTICA APILABLE 35 X 20 X 14.5 CM;6538;495897;342
